,Title,Date,Time,No.of comments,Score,Upvote,Tickers
0,Shots fired! Cathie calling out GM after TSLA deliveries!,2021-10-03,2021-10-03 05:00:00,2076,20425,0.75,TSLA
1,To the people with the Canoo GOEV DD yesterday,2021-09-24,2021-09-24 17:04:46,376,6778,0.95,GOEV
2,WISH investors meet Pennywise,2021-10-06,2021-10-06 04:55:02,356,6435,0.98,WISH
3,Margin swing trade into $TSLA earning. FOMO the huge rally after ER‚Ä¶Just going to hit the sell button and never look back.,2021-10-19,2021-10-19 19:17:10,641,6340,0.95,TSLA
4,I admit. I made a $WISH.,2021-10-15,2021-10-15 07:45:17,478,4952,0.94,WISH
5,"Reminder that if your friends still enjoy hanging out with you, you‚Äôre not talking about $TSLA enough",2021-10-10,2021-10-10 04:04:10,381,4648,0.96,TSLA
6,Pandora Papers leaked Burry TA,2021-10-08,2021-10-08 01:39:27,501,4136,0.95,TA
7,"The Rise of Canoo ($GOEV) ‚Äì Why JPOW‚Äôs printer, Biden‚Äôs EV support ($15 billion in infrastructure bill, $160 billion in EV subsidies in budget), ~70% increase in institution ownership, 30+% SI and ~98% utilization are primed to send a young and unique EV manufacturer to the stratosphere.",2021-09-22,2021-09-22 18:59:15,614,3999,0.93,GOEV
8,"The Rise of Canoo ($GOEV) ‚Äì Why JPOW‚Äôs printer, Biden‚Äôs EV support ($15 billion in infrastructure bill, $160 billion in EV subsidies in budget), ~70% increase in institution ownership, 30+% SI and ~98% utilization are primed to send a young and unique EV manufacturer to the stratosphere.",2021-09-22,2021-09-22 18:59:15,614,3999,0.93,SP
9,"The Rise of Canoo ($GOEV) ‚Äì Why JPOW‚Äôs printer, Biden‚Äôs EV support ($15 billion in infrastructure bill, $160 billion in EV subsidies in budget), ~70% increase in institution ownership, 30+% SI and ~98% utilization are primed to send a young and unique EV manufacturer to the stratosphere.",2021-09-22,2021-09-22 18:59:15,614,3999,0.93,NKLA
10,$WISH apes today.,2021-10-07,2021-10-07 02:06:09,258,3478,0.97,WISH
11,"DOLE: ""There's always [tendies] in the banana stand"" (DD)",2021-09-29,2021-09-29 22:11:38,466,3482,0.95,IQ
12,$FB,2021-10-06,2021-10-06 05:13:50,129,3321,0.97,FB
13,"When 90% of a $2.8 mil portfolio is powered by WSB meme stocks, who says WSB is full of dumb money? TSLA, GME, AMC, PLTR. I'm not fucking leaving!",2021-10-07,2021-10-07 19:16:16,328,2998,0.95,TSLA
14,$LAUR: Get Rich from this 43% Special Dividend,2021-09-27,2021-09-27 18:58:00,701,2930,0.91,LAUR
15,$LAUR: Get Rich from this 43% Special Dividend,2021-09-27,2021-09-27 18:58:00,701,2930,0.91,ANY
16,Michael Burry to his fans who shorted TSLA because of him.,2021-10-17,2021-10-17 20:03:18,300,2872,0.97,TSLA
17,TSLA goes Brrrrrr... Burry deletes account üò≠,2021-10-15,2021-10-15 19:56:36,461,2641,0.94,TSLA
18,$2k to $33k in 3 hours on TLRY weeklies.,2021-10-20,2021-10-20 03:52:09,317,2595,0.96,TLRY
19,Ya'll just don't get it do you,2021-10-15,2021-10-15 00:53:24,839,2505,0.87,TSLA
20,Ya'll just don't get it do you,2021-10-15,2021-10-15 00:53:24,839,2505,0.87,COIN
21,Ya'll just don't get it do you,2021-10-15,2021-10-15 00:53:24,839,2505,0.87,DISCK
22,Ya'll just don't get it do you,2021-10-15,2021-10-15 00:53:24,839,2505,0.87,FB
23,"+$70,000 GAIN ON SPY/QQQ PUTS IN ONE DAY, UP ALMOST +$100,000 THIS WEEK üöÄüöÄüöÄ",2021-10-01,2021-10-01 02:59:42,356,2336,0.94,GAIN
24,Lol fuck $TSLA,2021-09-24,2021-09-24 20:09:56,748,2251,0.93,TSLA
25,CRSR stock Corsair gaming has 50% upside baby. Buckle up apes! And enjoy the ride,2021-10-07,2021-10-07 22:31:59,464,2223,0.88,CRSR
26,"I sold these $aapl $150 12/15 calls at a huge loss. Went from 65k to 20k. I am dead inside. Lost sleep, motivation everything.",2021-10-01,2021-10-01 14:34:10,1006,2156,0.94,AAPL
27,There are a lot of companies that would kill to get a meme status! $CLOV.,2021-10-14,2021-10-14 09:42:20,114,2144,0.94,CLOV
28,Anono-mon update. I‚Äôve realized $2M. Image show unrealized gains from $TSLA,2021-09-26,2021-09-26 10:26:13,405,2129,0.96,TSLA
29,SDC - 175K YOLO - My life savings along with my wife's bf life savings all in moist,2021-10-06,2021-10-06 19:46:00,459,2116,0.92,SDC
30,$GOEV - crayon marking breakout!,2021-09-23,2021-09-23 17:35:24,313,1791,0.91,GOEV
31,Ready to get hurt - 295k YOLO into CLOV,2021-10-11,2021-10-11 21:23:46,300,1770,0.87,CLOV
32,$CLOV and $WISH apes now:,2021-09-25,2021-09-25 03:02:54,266,1767,0.92,CLOV
33,$CLOV and $WISH apes now:,2021-09-25,2021-09-25 03:02:54,266,1767,0.92,WISH
34,WISH literally burns,2021-10-16,2021-10-16 00:07:24,159,1651,0.97,WISH
35,"CLOV ""investors"" (aka bagholders) anytime it closes green...",2021-10-11,2021-10-11 02:20:06,174,1633,0.92,CLOV
36,Does anyone else miss 2020 or is it just me?,2021-10-06,2021-10-06 04:56:52,428,1633,0.82,TSLA
37,Does anyone else miss 2020 or is it just me?,2021-10-06,2021-10-06 04:56:52,428,1633,0.82,PYPL
38,$BB BlackBerry - UNLEASH THE BEAST!!! (Post earning analysis) üçáüíéüêµ,2021-09-23,2021-09-23 04:49:46,325,1561,0.92,AMD
39,$BB BlackBerry - UNLEASH THE BEAST!!! (Post earning analysis) üçáüíéüêµ,2021-09-23,2021-09-23 04:49:46,325,1561,0.92,VERY
40,Just don't fucking dance TSLA,2021-09-29,2021-09-29 19:46:06,109,1315,0.96,TSLA
41,$GOEV An EV BangBus on a highway to Tendie Town? üöåüçóüèôÔ∏è,2021-09-23,2021-09-23 19:00:23,174,1282,0.88,GOEV
42,I $wish I had more money to buy more They laughed at me when I bought $nio at $1.63 They laughed at me when I bought $amc at $4.00 Go ahead and laugh at me buying $wish at $4.70,2021-10-06,2021-10-06 21:15:20,517,1248,0.84,WISH
43,"I Followed Some Idiot And Now I‚Äôm Down $17,000 On My Weekly CLOV CALLS Expiring This Week 10/15. God Help Me.",2021-10-11,2021-10-11 04:51:23,479,1044,0.89,CLOV
44,"$ROOT, Win the Marathon and Upcoming Catalyst",2021-10-12,2021-10-12 22:01:18,124,1045,0.88,ROOT
45,"TWNK: The bear thesis sucks Ding Dongs, and shorts are scared of taking it up the brownie in Q3 earnings.",2021-10-11,2021-10-11 20:29:09,222,1032,0.93,TWNK
46,"TWNK: The bear thesis sucks Ding Dongs, and shorts are scared of taking it up the brownie in Q3 earnings.",2021-10-11,2021-10-11 20:29:09,222,1032,0.93,IBKR
47,$SOFI is so fly - holding till I make a million.,2021-10-12,2021-10-12 22:33:37,188,1026,0.91,SOFI
48,Holding SDC until $25 üöÄ WHO ELSE GUNNA BE RICH WITH ME?!,2021-09-28,2021-09-28 03:28:45,289,975,0.85,SDC
49,Holding SDC until $25 üöÄ WHO ELSE GUNNA BE RICH WITH ME?!,2021-09-28,2021-09-28 03:28:45,289,975,0.85,ELSE
50,Holding SDC until $25 üöÄ WHO ELSE GUNNA BE RICH WITH ME?!,2021-09-28,2021-09-28 03:28:45,289,975,0.85,ME
51,Marqeta DD,2021-09-29,2021-09-29 21:01:12,106,966,0.94,API
52,I $WISH to be on the moon one day üöÄ,2021-10-20,2021-10-20 19:47:14,289,957,0.87,WISH
53,Small dick club $SDC,2021-10-01,2021-10-01 01:15:48,63,956,0.94,SDC
54,Citadel and Susquehanna's Short Play on Tilray,2021-10-02,2021-10-02 01:06:16,312,942,0.94,TLRY
55,Citadel and Susquehanna's Short Play on Tilray,2021-10-02,2021-10-02 01:06:16,312,942,0.94,CGC
56,TSLA stock and option holders - you are screwed,2021-10-18,2021-10-18 23:48:48,162,893,0.92,TSLA
57,Live look into FB servers this AM,2021-10-05,2021-10-05 01:01:58,36,870,0.97,FB
58,CLOV $350K YOLO,2021-10-11,2021-10-11 19:24:59,123,841,0.85,CLOV
59,"SOFI yolo update, hoping this is just the beginning.",2021-09-22,2021-09-22 19:30:26,80,834,0.92,SOFI
60,"üí∞ü¶Å Lions and deSPACs and redemptions, oh my!!! A guide to the fuse (heh) that's been lit on MoneyLion's stock - $ML üíµüêÜ",2021-09-27,2021-09-27 08:36:18,271,783,0.88,VERY
61,$CLOV $95K YOLO ‚òòÔ∏èüçÄ‚òòÔ∏èüëÄüöÄüöÄüöÄ,2021-10-12,2021-10-12 01:48:49,164,768,0.84,CLOV
62,"Someone Said Invest Only What You Can Afford To Lose So I Invested My Life Savings $25,000 Into CLOV No Cap üß¢",2021-10-11,2021-10-11 02:00:35,189,742,0.83,CLOV
63,"$1.3 mil TSLA buy and hold, when I bought at $820 pre-split I thought I was the greatest fool, but luckily Daddy Musk delivers.",2021-10-21,2021-10-21 14:13:59,182,820,0.94,TSLA
64,"Absolutely retarded‚Ä¶ sold my 2 $3260 AMZN calls yesterday for a measly ~$7k, today worth $32k. Got FOMO and bought $12k in puts, down $5k on those",2021-10-16,2021-10-16 02:36:08,126,728,0.96,AMZN
65,$LEV - Big LEVerage & Big Booty Buses,2021-09-30,2021-09-30 22:59:23,68,722,0.94,ARVL
66,$LEV - Big LEVerage & Big Booty Buses,2021-09-30,2021-09-30 22:59:23,68,722,0.94,III
67,$LEV - Big LEVerage & Big Booty Buses,2021-09-30,2021-09-30 22:59:23,68,722,0.94,VII
68,I spent the afternoon editing this stupid video after seeing this douche live on CNBC #TSLA #UPST,2021-10-21,2021-10-21 01:21:17,64,652,0.96,TSLA
69,I spent the afternoon editing this stupid video after seeing this douche live on CNBC #TSLA #UPST,2021-10-21,2021-10-21 01:21:17,64,652,0.96,UPST
70,Once in a lifetime discount opportunity detected at $ROOT,2021-10-13,2021-10-13 20:52:45,121,619,0.79,ROOT
71,TLRY stock highly undervalued,2021-10-20,2021-10-20 15:02:53,242,608,0.86,TLRY
72,Microvast Public Free Float DD,2021-09-26,2021-09-26 21:55:35,60,601,0.94,MVST
73,"If This Moons Wifey Is Giving Boyfriend The Glock Glock 9000. $1,000,000 CLOV Market Buy To Be Safe",2021-10-11,2021-10-11 14:59:55,207,588,0.73,CLOV
74,FOX News: Recreational marijuana legalization in Pennsylvania proposed by Republican lawmaker.,2021-10-07,2021-10-07 03:08:51,220,590,0.94,FOX
75,GOEV 1-day gain porn ($104k) on just warrants - They hate us because they anus üõ∂üìàüöÄ,2021-09-26,2021-09-26 21:11:43,122,589,0.89,GOEV
76,SOFI yolo. To the moon!,2021-10-12,2021-10-12 08:06:08,123,562,0.87,SOFI
77,Betting TSLA over the weekend,2021-10-18,2021-10-18 19:36:05,110,543,0.95,TSLA
78,SNDL to the moon! 25k shares,2021-10-08,2021-10-08 18:14:59,213,542,0.81,SNDL
79,"$SDC held support PERFECT today! [Tech Analysis] üî• , see chart below.",2021-10-08,2021-10-08 03:23:05,145,537,0.87,SDC
80,retardate - AAPL puts,2021-10-19,2021-10-19 20:20:09,187,532,0.95,AAPL
81,"Daily Popular Tickers Thread for October 07, 2021 - SDC | PLTR | GME",2021-10-07,2021-10-07 15:30:23,1868,523,0.94,SDC
82,TLRY real talk‚Ä¶( Weed stocks in general too kinda but they all suck compared to TLRY),2021-10-04,2021-10-04 15:54:35,245,519,0.9,TLRY
83,TLRY real talk‚Ä¶( Weed stocks in general too kinda but they all suck compared to TLRY),2021-10-04,2021-10-04 15:54:35,245,519,0.9,ACB
84,SDC 38k YOLO 95k shares left to short this thing will go P A R A B O L I C !,2021-09-27,2021-09-27 20:25:12,126,514,0.82,SDC
85,SDC $1mil+ YOLO,2021-10-01,2021-10-01 21:23:42,163,516,0.91,SDC
86,"+181,000 GAIN on $SoFi. Going to the moon boysüöÄüí∞‚ù§Ô∏èüî•",2021-10-13,2021-10-13 02:32:27,108,504,0.94,GAIN
87,"UPDATE: LOCKED IN +$82,000 GAIN ON SPY/QQQ PUTS IN ONE WEEK üöÄüöÄüöÄ GOT OUT EARLY TODAY BEFORE MARKET RALLY!!!",2021-10-02,2021-10-02 04:08:46,76,479,0.95,GAIN
88,120k loss in SDC,2021-09-30,2021-09-30 03:26:31,291,475,0.93,SDC
89,SOFI the next multi-millionaire stock,2021-09-25,2021-09-25 08:05:00,249,472,0.88,SOFI
90,SOFI the next multi-millionaire stock,2021-09-25,2021-09-25 08:05:00,249,472,0.88,API
91,"CLOV YOLO: 65,000 shares @ $8.72 - Oct 11 2021 üçÄ",2021-10-11,2021-10-11 17:05:30,109,472,0.79,CLOV
92,$GOEV Rocket prepped and fueled for takeoff üöÄüöÄüöÄ,2021-09-24,2021-09-24 22:40:05,203,468,0.82,GOEV
93,$GOEV Rocket prepped and fueled for takeoff üöÄüöÄüöÄ,2021-09-24,2021-09-24 22:40:05,203,468,0.82,KC
94,SDC! Here we go baby!!!!,2021-10-11,2021-10-11 16:16:43,116,464,0.82,SDC
95,"$SDC 75k shares! In this life we have two balls, and we going balls deep into SDC!!",2021-09-26,2021-09-26 02:42:49,170,458,0.9,SDC
96,Someone say 200k CLOV YOLO,2021-10-11,2021-10-11 14:58:52,45,457,0.81,CLOV
97,33k yolo SDC not selling until I‚Äôm wealthy,2021-09-27,2021-09-27 23:42:16,108,456,0.84,SDC
98,"$24,269 CLOV YOLO. It‚Äôs Not Much But It‚Äôs Honest Work üôàüôàüôà",2021-10-10,2021-10-10 22:13:26,82,454,0.81,CLOV
99,"Shit, here we go again: $200k in $CLOV shares plus $10k in $CLOV FDs",2021-10-11,2021-10-11 19:51:05,42,439,0.81,CLOV
100,"$SDC Day 2 ‚úåÔ∏è - Another PERFECT day! [Tech Analysis] üî•, see Friday chart below.",2021-10-09,2021-10-09 03:16:09,111,437,0.87,SDC
101,"Blackberry EV, IoT Design Wins Update Part II and BB Twitter Clue",2021-10-15,2021-10-15 04:05:25,86,435,0.95,CAR
102,DD - value about $SDC,2021-10-13,2021-10-13 06:32:02,198,438,0.85,SDC
103,DD - value about $SDC,2021-10-13,2021-10-13 06:32:02,198,438,0.85,PROG
104,DD - value about $SDC,2021-10-13,2021-10-13 06:32:02,198,438,0.85,ALGN
105,DD - value about $SDC,2021-10-13,2021-10-13 06:32:02,198,438,0.85,XRAY
106,DD - value about $SDC,2021-10-13,2021-10-13 06:32:02,198,438,0.85,HSIC
107,"TSLA Q3 Results: ""Like Michael Burry in reverse, the diamond hands and hodlers of Tesla sit back ‚Äì vindicated ‚Äì as shorters run for the hills... If Tesla‚Äôs staggering progress in China amid extreme geopolitical tensions and regulatory pressure is anything to go by, maybe Elon Musk can do anything.""",2021-10-21,2021-10-21 17:43:23,145,461,0.91,TSLA
108,I have never been more Bullish on a stock more than I am in SDC. All in.,2021-09-25,2021-09-25 06:52:00,400,430,0.8,SDC
109,Life savings into $SAVA - I‚Äôm 21 so I need to become a millionaire asap so I can get a hot girlfriend,2021-10-14,2021-10-14 02:55:17,209,422,0.89,SAVA
110,SDC $25k YOLO,2021-10-08,2021-10-08 20:57:10,49,416,0.86,SDC
111,SDC $34K YOLO!!,2021-10-10,2021-10-10 08:15:29,127,416,0.89,SDC
112,YOLO update 9/30: here‚Äôs some fappable loss porn since you all hate $CLOV so much. i will sell this for over a milly üçÄüíéü§≤üèº,2021-10-01,2021-10-01 07:08:35,207,409,0.92,CLOV
113,SDC with my college loans and some margin üòé,2021-10-06,2021-10-06 06:16:33,103,408,0.81,SDC
114,I think you know what time it is.CLOV,2021-09-28,2021-09-28 03:55:29,157,416,0.79,CLOV
115,TSLA percentage gain porn,2021-09-27,2021-09-27 21:53:59,109,412,0.92,TSLA
116,"16,200 share CLOV YOLO üöÄüöÄ Tomorrow moon bound üåñ",2021-10-11,2021-10-11 05:20:03,84,403,0.81,CLOV
117,Anyone buying a Tesla with their TSLA gains?,2021-10-15,2021-10-15 18:00:34,114,405,0.92,TSLA
118,Canoo CEO on his way to destroy the GOEV shorts,2021-09-26,2021-09-26 00:34:20,39,395,0.9,GOEV
119,A small D**k investment $SDC,2021-10-07,2021-10-07 15:31:05,77,391,0.88,SDC
120,Unrealized loss porn. Went all in on Context Logic $WISH because Zack Morris and buddies were screaming it was gonna blow. Now I‚Äôm stuck and watching $CEI from the sideline.,2021-09-30,2021-09-30 07:39:43,203,387,0.91,WISH
121,"Top trending tickers on WallStreetBets and why, a brand new list: SOFI, SDC, BB, FB, LCID",2021-09-23,2021-09-23 04:09:22,138,388,0.91,SOFI
122,"Top trending tickers on WallStreetBets and why, a brand new list: SOFI, SDC, BB, FB, LCID",2021-09-23,2021-09-23 04:09:22,138,388,0.91,SDC
123,"Top trending tickers on WallStreetBets and why, a brand new list: SOFI, SDC, BB, FB, LCID",2021-09-23,2021-09-23 04:09:22,138,388,0.91,FB
124,"Top trending tickers on WallStreetBets and why, a brand new list: SOFI, SDC, BB, FB, LCID",2021-09-23,2021-09-23 04:09:22,138,388,0.91,LCID
125,TSLA diamond hand flex. +12000%,2021-10-16,2021-10-16 03:24:06,39,387,0.92,TSLA
126,TLRY: The Perfect Buy,2021-10-05,2021-10-05 00:03:40,172,384,0.87,TLRY
127,I‚Äôm a retard that is going to become a super saiyan SDC 38k yolo üöÄüöÄüöÄüöÄüöÄ,2021-10-07,2021-10-07 01:49:52,43,376,0.9,SDC
128,"Daily Popular Tickers Thread for September 23, 2021 - SDC | BB | SOFI",2021-09-23,2021-09-23 15:30:22,803,378,0.92,SDC
129,"Daily Popular Tickers Thread for September 23, 2021 - SDC | BB | SOFI",2021-09-23,2021-09-23 15:30:22,803,378,0.92,SOFI
130,Yo $TSLA Gang üîãüöÄüöÄüë©üèº‚ÄçüöÄü¶çü¶ß,2021-10-19,2021-10-19 03:26:25,63,375,0.93,TSLA
131,"$CLOV means $$$... time to eat ""bears""!!",2021-10-09,2021-10-09 20:58:04,135,367,0.82,CLOV
132,Sundial Growers(NASDAQ: SNDL) just announced they acquired Alcanna Inc. (TSX: CLIQ),2021-10-08,2021-10-08 06:11:24,117,364,0.89,SNDL
133,No idea what this company does just saw üöÄüöÄüöÄüöÄ and bought (UPST),2021-10-17,2021-10-17 19:42:47,119,360,0.9,UPST
134,Another 10k onto $SDC Patiently waiting for ü§ëüöÄ,2021-10-11,2021-10-11 23:22:19,76,364,0.81,SDC
135,SDC üöÄ in with another 38k. Available share to borrow dropped from 100k to 55k today.,2021-09-28,2021-09-28 01:45:16,100,365,0.82,SDC
136,8 Months Later,2021-10-05,2021-10-05 19:36:10,121,361,0.83,WISH
137,8 Months Later,2021-10-05,2021-10-05 19:36:10,121,361,0.83,CLOV
138,The day you realize you could by lots of $TSLA‚Äôs,2021-10-16,2021-10-16 19:20:44,45,359,0.93,TSLA
139,RKLB: Blasting Your Portfolio Into SPACE,2021-10-19,2021-10-19 19:04:18,132,355,0.88,ANY
140,$CLOV loss yolo üôÉ! Adding as much as I can and won‚Äôt sell a single share! This shit will go to the fucking ‚ôæ‚ôæ‚ôæ‚ôæ!,2021-10-07,2021-10-07 06:34:31,115,354,0.82,CLOV
141,"Daily Popular Tickers Thread for September 30, 2021 - GME | SDC | LCID",2021-09-30,2021-09-30 15:30:17,876,346,0.92,SDC
142,"Daily Popular Tickers Thread for September 30, 2021 - GME | SDC | LCID",2021-09-30,2021-09-30 15:30:17,876,346,0.92,LCID
143,$TMC - SHEEP BEING LED TO SLAUGHTER,2021-09-23,2021-09-23 00:30:26,254,343,0.83,REAL
144,$CLOV YOLO Update .. one step at a time.... :),2021-10-15,2021-10-15 00:25:10,47,347,0.88,CLOV
145,Daddy Elon said I should never sell $TSLA gains,2021-10-20,2021-10-20 08:28:40,51,341,0.93,TSLA
146,$GME Unbiased TA - Another Nice Setup In The Works,2021-10-12,2021-10-12 01:10:15,80,340,0.85,TA
147,CRSR sit tight for the next high orbit flight üöÄüåï (Big UPSIDE potential),2021-10-08,2021-10-08 22:37:49,99,339,0.89,CRSR
148,Short sellers: ‚ÄúWhy is $GOEV blowing up?!‚Äù Answer:,2021-09-24,2021-09-24 23:01:08,33,338,0.89,GOEV
149,RIOT gains. $23k in a day after yolo post.,2021-10-05,2021-10-05 19:46:26,42,328,0.91,RIOT
150,Two great signs for sdc,2021-10-06,2021-10-06 19:44:52,83,327,0.86,SDC
151,Why is simple Dollar Cost Averaging still the king of all investment strategies? - Analyzing the last 3 decades of stock market data to find the best DCA strategy,2021-10-17,2021-10-17 18:39:33,80,330,0.94,API
152,CLOV $26K stock and options. OG holding my bag since April,2021-10-11,2021-10-11 14:25:21,18,326,0.82,CLOV
153,TLRY earnings October 7,2021-10-04,2021-10-04 13:54:59,75,317,0.96,TLRY
154,"Daily Popular Tickers Thread for September 22, 2021 - SDC | LCID | GME",2021-09-22,2021-09-22 15:30:23,1435,315,0.92,SDC
155,"Daily Popular Tickers Thread for September 22, 2021 - SDC | LCID | GME",2021-09-22,2021-09-22 15:30:23,1435,315,0.92,LCID
156,"Daily Popular Tickers Thread for October 06, 2021 - PLTR | SDC | GME",2021-10-06,2021-10-06 15:30:22,1383,311,0.94,SDC
157,$ROOT DD: Breakout Confirmed and High Probability Setup to be $15/share Price Target (+200% gain),2021-10-14,2021-10-14 21:29:34,101,308,0.82,ROOT
158,$ROOT DD: Breakout Confirmed and High Probability Setup to be $15/share Price Target (+200% gain),2021-10-14,2021-10-14 21:29:34,101,308,0.82,MVIS
159,$ROOT DD: Breakout Confirmed and High Probability Setup to be $15/share Price Target (+200% gain),2021-10-14,2021-10-14 21:29:34,101,308,0.82,CLOV
160,$ROOT DD: Breakout Confirmed and High Probability Setup to be $15/share Price Target (+200% gain),2021-10-14,2021-10-14 21:29:34,101,308,0.82,SDC
161,UWMC ready for liftoff,2021-10-10,2021-10-10 20:56:02,149,307,0.81,BOLT
162,SDC GAINZ üí∞11k in a week,2021-10-07,2021-10-07 21:49:33,141,307,0.86,SDC
163,Weed stocks aren't over.,2021-10-13,2021-10-13 14:06:27,206,304,0.85,TLRY
164,Trading AMZN until I become a millionaire. First post,2021-10-21,2021-10-21 02:00:14,99,304,0.88,AMZN
165,7 figure $TSLA gain is finally back,2021-10-08,2021-10-08 06:41:52,63,302,0.91,TSLA
166,The story of Corsair $CRSR,2021-10-13,2021-10-13 22:32:35,97,299,0.9,CRSR
167,I $wish this is the bottom,2021-10-14,2021-10-14 21:56:54,108,298,0.94,WISH
168,The case for Cannabis grows. Inverse Jim Cramer with TLRY 10-20-21,2021-10-20,2021-10-20 17:24:24,44,297,0.92,TLRY
169,The case for Cannabis grows. Inverse Jim Cramer with TLRY 10-20-21,2021-10-20,2021-10-20 17:24:24,44,297,0.92,CGC
170,$SDC small dicks rise UP,2021-10-18,2021-10-18 20:10:55,77,292,0.87,SDC
171,Pineapple Express $CLOV and $BB Edition,2021-09-23,2021-09-23 04:26:56,22,294,0.9,CLOV
172,$CLOV YOLO ‚Äúsend my kids to college - or not‚Äù edition.,2021-09-22,2021-09-22 19:00:19,70,289,0.86,CLOV
173,"TSLA ATH close today! +$558,084.28 (+5,439.77%) Portfolio. Mostly TSLA Shares (since 2019) + options. Some FAANG and SPY. üíéüôå",2021-10-22,2021-10-22 03:20:07,90,562,0.96,TSLA
174,3 out of 4 times that $tsla has broken out of its current channel it has gone to the moon,2021-10-18,2021-10-18 12:56:30,64,287,0.89,TSLA
175,Running of the Memes Part 5 - Big Breakouts In Multiple Meme Stocks,2021-10-20,2021-10-20 00:45:38,59,281,0.94,TLRY
176,Running of the Memes Part 5 - Big Breakouts In Multiple Meme Stocks,2021-10-20,2021-10-20 00:45:38,59,281,0.94,CLNE
177,$SDC 25k yolo,2021-10-11,2021-10-11 22:11:41,32,272,0.83,SDC
178,PLAN FOR CHRISTMAS DISASTER AND BUY THE GAME DEVELOPERS,2021-10-18,2021-10-18 19:01:31,86,269,0.95,GAME
179,PLAN FOR CHRISTMAS DISASTER AND BUY THE GAME DEVELOPERS,2021-10-18,2021-10-18 19:01:31,86,269,0.95,VC
180,PLAN FOR CHRISTMAS DISASTER AND BUY THE GAME DEVELOPERS,2021-10-18,2021-10-18 19:01:31,86,269,0.95,TTWO
181,PLAN FOR CHRISTMAS DISASTER AND BUY THE GAME DEVELOPERS,2021-10-18,2021-10-18 19:01:31,86,269,0.95,EA
182,PLAN FOR CHRISTMAS DISASTER AND BUY THE GAME DEVELOPERS,2021-10-18,2021-10-18 19:01:31,86,269,0.95,ATVI
183,$WISH Loss Porn... From trader... to investor... to bagholder,2021-10-05,2021-10-05 01:39:37,156,268,0.92,WISH
184,AST SpaceMobile. The Black Swan of Low Earth Orbit satellite communication constellations. ü¶¢ü¶¢ü¶¢ü¶¢ü¶¢ü¶¢ü¶¢ü¶¢ü¶¢ü¶¢ ü¶Ö Why is it so different?,2021-09-25,2021-09-25 23:52:09,156,266,0.92,VSAT
185,AST SpaceMobile. The Black Swan of Low Earth Orbit satellite communication constellations. ü¶¢ü¶¢ü¶¢ü¶¢ü¶¢ü¶¢ü¶¢ü¶¢ü¶¢ü¶¢ ü¶Ö Why is it so different?,2021-09-25,2021-09-25 23:52:09,156,266,0.92,CAC
186,AST SpaceMobile. The Black Swan of Low Earth Orbit satellite communication constellations. ü¶¢ü¶¢ü¶¢ü¶¢ü¶¢ü¶¢ü¶¢ü¶¢ü¶¢ü¶¢ ü¶Ö Why is it so different?,2021-09-25,2021-09-25 23:52:09,156,266,0.92,GNSS
187,$TSLA to ATHs and your account can be too if you join in!!!!,2021-09-27,2021-09-27 06:45:41,168,268,0.82,TSLA
188,Which one of you geniuses keeps buying the $TSLA puts I sell?,2021-09-25,2021-09-25 20:10:52,106,260,0.94,TSLA
189,Joined SDC Gang,2021-10-14,2021-10-14 00:18:05,65,262,0.88,SDC
190,Where my $wish crew this week? If you‚Äôre not in $wish now is the time!,2021-10-03,2021-10-03 22:26:19,319,261,0.7,WISH
191,SDC YOLO FROM A EUROPEAN APE. SEE YOU AT THE MOON MY AMERICAN RETARD COUSINS!!,2021-09-25,2021-09-25 22:25:23,60,261,0.87,SDC
192,TLRY moves,2021-10-05,2021-10-05 23:51:46,118,260,0.95,TLRY
193,All in SDC added. Waiting for short squeeze.,2021-09-28,2021-09-28 20:50:48,118,260,0.78,SDC
194,Ya'll.ready? üòè $SDC,2021-10-05,2021-10-05 13:25:56,76,257,0.84,SDC
195,Bought the dip in MSFT and eventually looked at my phone : Officially apart of the 6-figure club,2021-09-29,2021-09-29 01:12:15,85,255,0.94,MSFT
196,Every cent this goes up I make 69$ ü¶∑ SDCü¶∑,2021-09-29,2021-09-29 00:31:12,60,253,0.89,SDC
197,MARA gains ü™ô üí•üöÄüòä,2021-10-17,2021-10-17 05:45:06,68,252,0.85,MARA
198,YOLO: CLOV All in. going sell once i hit $1M ...:),2021-10-02,2021-10-02 05:31:23,79,255,0.89,CLOV
199,Working my way towards a new Model Plaid. Casual $TSLA 1400% Gainz in an hour.,2021-10-21,2021-10-21 21:19:14,58,284,0.91,TSLA
200,"$SNDL, the next leader of cannabis",2021-10-08,2021-10-08 17:48:46,182,246,0.67,SNDL
201,$clov to moon . Yolo,2021-10-14,2021-10-14 21:13:56,59,246,0.82,CLOV
202,Here‚Äôs my resume‚Ä¶. $WISH $CLOV,2021-10-20,2021-10-20 00:48:53,56,249,0.91,WISH
203,Here‚Äôs my resume‚Ä¶. $WISH $CLOV,2021-10-20,2021-10-20 00:48:53,56,249,0.91,CLOV
204,$GOEV is just the broke mans tesla,2021-09-23,2021-09-23 21:36:28,59,247,0.88,GOEV
205,"The mid-day update. Top trending tickers on WallStreetBets and why: SOFI, CLOV, SDC, GME, BABA",2021-10-11,2021-10-11 23:00:39,59,245,0.89,SOFI
206,"The mid-day update. Top trending tickers on WallStreetBets and why: SOFI, CLOV, SDC, GME, BABA",2021-10-11,2021-10-11 23:00:39,59,245,0.89,CLOV
207,"The mid-day update. Top trending tickers on WallStreetBets and why: SOFI, CLOV, SDC, GME, BABA",2021-10-11,2021-10-11 23:00:39,59,245,0.89,SDC
208,Netflix's 'Squid Game' Will Generate About $900 Million,2021-10-18,2021-10-18 08:53:38,140,244,0.91,NFLX
209,WKHS ...Video today : Last-Mile Delivery Drone in action,2021-09-29,2021-09-29 07:25:16,174,242,0.81,WKHS
210,WISH Peaking through the falling wedge resistance today. Tomorrow could be an important day to confirm breakout.,2021-10-14,2021-10-14 09:50:51,138,245,0.73,WISH
211,"TLRY Oct 8, $148k YOLO",2021-10-04,2021-10-04 19:17:57,103,237,0.94,TLRY
212,Any day now ‚Ä¶.üçÄ CLOV,2021-10-16,2021-10-16 21:20:57,67,236,0.84,CLOV
213,$CLOV ‚òòÔ∏è All IN. I don‚Äôt mind eating ramen everyday for the rest of the year.,2021-09-29,2021-09-29 22:52:14,53,239,0.87,CLOV
214,CRSR YOLO Update,2021-10-15,2021-10-15 20:48:17,105,234,0.94,CRSR
215,"I finally feel like a true retard... and yes, I am still holding $SDC",2021-09-29,2021-09-29 23:35:45,90,234,0.88,SDC
216,DD - GOEV CEO Just Bought the DIP,2021-09-24,2021-09-24 04:10:48,86,235,0.9,GOEV
217,I bought 126 CLOV calls that‚Äôs expiring this week,2021-10-12,2021-10-12 07:38:12,110,227,0.78,CLOV
218,20K YOLO ON SDC,2021-09-22,2021-09-22 09:58:12,37,230,0.89,SDC
219,"185k Yolo On CRSR Stock - I'm Ready For The 50% Upward Move Baby, Are You?",2021-10-08,2021-10-08 06:46:28,37,226,0.89,CRSR
220,I have never been more Bullish on a stock than I am in SDC. All In. Part 2,2021-10-02,2021-10-02 05:42:19,171,222,0.82,SDC
221,An Introduction to RocketLab $RKLB 10/20/2021,2021-10-21,2021-10-21 01:58:26,83,224,0.94,III
222,SDC DD (Not based on a Short Squeeze),2021-10-01,2021-10-01 21:50:45,54,220,0.9,SDC
223,I do too have a small Wee Wee. SDC ü§èü§èü§èü§è,2021-10-08,2021-10-08 23:42:06,22,220,0.85,SDC
224,$SDC - Where every inch counts! üìê = üöÄüöÄüöÄ,2021-09-23,2021-09-23 22:21:20,89,212,0.9,SDC
225,Retards Today after they YOLO'd on SDC calls,2021-09-29,2021-09-29 10:02:53,30,214,0.93,SDC
226,The Many Saints of $WISH,2021-10-19,2021-10-19 23:36:37,47,212,0.89,WISH
227,SDC.. going to üåô,2021-10-16,2021-10-16 22:39:54,91,213,0.81,SDC
228,CLOV $40K YODEL YOLO,2021-10-13,2021-10-13 02:30:15,46,214,0.86,CLOV
229,Its CRSR time baby! Corsair Gaming is a Solid Company is Poised for Liftoff. Huge Profits + Cheap Valuation = Huge Gains IMO,2021-10-12,2021-10-12 22:59:24,88,211,0.82,CRSR
230,"Daily Popular Tickers Thread for October 04, 2021 - GME | GM | TSLA",2021-10-04,2021-10-04 15:30:18,550,207,0.89,TSLA
231,"$TSLA q3 2021 earnings, visualized",2021-10-22,2021-10-22 03:20:16,22,322,0.91,TSLA
232,$AMD Q3 is going to be a blowout. $TSM already gave the right indication. Let‚Äôs go!,2021-10-18,2021-10-18 00:58:15,51,207,0.92,AMD
233,üöÄAt the heart of the smart city BB DDüöÄ,2021-09-29,2021-09-29 08:50:24,34,202,0.96,GNUS
234,üöÄAt the heart of the smart city BB DDüöÄ,2021-09-29,2021-09-29 08:50:24,34,202,0.96,CRWD
235,#WISH 600k YOLO,2021-09-27,2021-09-27 18:35:35,97,203,0.77,WISH
236,"Who needs a designer bag, when you got $WISH bags",2021-10-01,2021-10-01 06:49:35,91,202,0.91,WISH
237,$AMD yolo .. $150k down .. hoping papa musk‚Äôs tweet will save the day ..,2021-09-30,2021-09-30 05:57:31,174,202,0.85,AMD
238,$GOEV Rocket prepped and fueled for takeoff üöÄüöÄüöÄ,2021-09-25,2021-09-25 10:56:06,93,203,0.84,GOEV
239,"$GOEV - the chart has spoken, its time to eat crayons!",2021-09-25,2021-09-25 00:49:37,75,201,0.88,GOEV
240,"$GOEV - the chart has spoken, its time to eat crayons!",2021-09-25,2021-09-25 00:49:37,75,201,0.88,BLUE
241,SDC loss. Buying more tomorow‚Ä¶.,2021-09-23,2021-09-23 11:17:12,56,204,0.93,SDC
242,"WASHED UP, OLD APE BOOMER PLAY $F",2021-10-20,2021-10-20 22:49:38,64,203,0.92,PLAY
243,"Daily Popular Tickers Thread for October 01, 2021 - GME | AMC | BBBY",2021-10-01,2021-10-01 15:30:23,418,198,0.92,BBBY
244,The case for Cannabis - Inverse Jim Cramer with TLRY 10/13/21,2021-10-13,2021-10-13 21:53:46,65,199,0.93,TLRY
245,SAVA. Cause. More. Wrinkle.,2021-10-01,2021-10-01 17:54:58,160,193,0.94,SAVA
246,SAVA. Cause. More. Wrinkle.,2021-10-01,2021-10-01 17:54:58,160,193,0.94,SP
247,SAVA. Cause. More. Wrinkle.,2021-10-01,2021-10-01 17:54:58,160,193,0.94,BIIB
248,YOLO $SOFI - Who's with me?,2021-10-14,2021-10-14 21:45:50,45,197,0.89,SOFI
249,$AMD update. In Su Bae we trust.,2021-10-18,2021-10-18 22:16:48,22,193,0.95,AMD
250,$SDC Bought 5k shares and 50 protective puts as an insurance,2021-10-20,2021-10-20 00:47:48,95,191,0.85,SDC
251,SOFI - Bank Charter and Earnings play (DD),2021-10-19,2021-10-19 00:39:06,57,190,0.89,SOFI
252,5000 shares in $SOFI,2021-10-20,2021-10-20 22:41:20,35,191,0.9,SOFI
253,"To satisfy your thirst for more $CLOV YOLO loss porn, shortly set to become gain porn - $CLOV üçÄüöÄüíéüëê",2021-10-08,2021-10-08 00:54:30,42,190,0.92,CLOV
254,42k YOLO $Wish,2021-10-20,2021-10-20 02:51:54,46,191,0.87,WISH
255,$SDC Cost to borrow just picked up!,2021-09-30,2021-09-30 23:31:00,72,187,0.85,SDC
256,$WISH add 50k shares near 5$. GO TO 69$üöÄüöÄüöÄ,2021-10-21,2021-10-21 13:55:29,60,196,0.81,WISH
257,$WISH GANG,2021-10-04,2021-10-04 04:24:12,80,188,0.81,WISH
258,"DD: Corsair again $CRSR, bargain.",2021-10-07,2021-10-07 02:46:19,72,186,0.86,CRSR
259,"DD: Corsair again $CRSR, bargain.",2021-10-07,2021-10-07 02:46:19,72,186,0.86,RAM
260,Please go to $10 again WISH,2021-10-02,2021-10-02 21:15:54,130,183,0.82,WISH
261,$CLOV $GOEV YOLO. Looking for some tendies.,2021-09-27,2021-09-27 22:26:15,31,185,0.86,CLOV
262,$CLOV $GOEV YOLO. Looking for some tendies.,2021-09-27,2021-09-27 22:26:15,31,185,0.86,GOEV
263,$WISH üíéüôå down $44k,2021-09-24,2021-09-24 20:38:14,116,181,0.84,WISH
264,Here is my FB position I covered today had to take the gains the hidden part is GME can‚Äôt wait to show you guys that update üëÄ,2021-10-06,2021-10-06 19:24:18,54,177,0.85,FB
265,"$GOEV, My prediction for GOEV on Monday but in a dank GOT meme",2021-09-24,2021-09-24 22:02:24,31,179,0.88,GOEV
266,TSLA to offer disruptive insurance product,2021-10-18,2021-10-18 00:52:53,90,182,0.86,TSLA
267,TLRY earnings gonna print paper faster than you can roll a blunt for your wife‚Äôs BF. Hop in before Thursday apes ü¶ç üçå üåö üöÄ üöÄ üöÄ,2021-10-05,2021-10-05 03:15:55,69,180,0.89,TLRY
268,Corsair (CRSR) Stock about to moon baby! This profitable growth stock is being ignored by Wallstreet. This 27 dollar stock going to 40 FAST?,2021-09-23,2021-09-23 05:59:40,139,179,0.8,CRSR
269,Corsair (CRSR) Stock about to moon baby! This profitable growth stock is being ignored by Wallstreet. This 27 dollar stock going to 40 FAST?,2021-09-23,2021-09-23 05:59:40,139,179,0.8,FAST
270,Corsair (CRSR) Stock about to moon baby! This profitable growth stock is being ignored by Wallstreet. This 27 dollar stock going to 40 FAST?,2021-09-23,2021-09-23 05:59:40,139,179,0.8,AMD
271,$WISH to $6,2021-10-15,2021-10-15 03:19:53,95,178,0.83,WISH
272,$Clov yoloü§ë!!,2021-09-24,2021-09-24 16:03:37,65,178,0.76,CLOV
273,Why SOFI is a Must Own,2021-10-02,2021-10-02 05:20:53,47,171,0.89,SOFI
274,Why SOFI is a Must Own,2021-10-02,2021-10-02 05:20:53,47,171,0.89,UPST
275,My $WISH DD,2021-10-05,2021-10-05 00:29:59,106,175,0.8,WISH
276,My $WISH DD,2021-10-05,2021-10-05 00:29:59,106,175,0.8,TA
277,SDC BEGINNING IN FRANCE,2021-09-23,2021-09-23 21:54:41,47,176,0.93,SDC
278,Silly Season: ‚ö°Factory Shutdowns and the looming Implant Shortage üçàüçà $GSM,2021-10-01,2021-10-01 23:43:58,31,174,0.96,GSM
279,Silly Season: ‚ö°Factory Shutdowns and the looming Implant Shortage üçàüçà $GSM,2021-10-01,2021-10-01 23:43:58,31,174,0.96,IEA
280,HYZN: Down 35% after fake short seller report - perfect target for a squeeze,2021-09-30,2021-09-30 00:05:36,123,170,0.91,HYZN
281,"Daily Popular Tickers Thread for October 05, 2021 - FB | GME | BABA",2021-10-05,2021-10-05 15:30:23,565,171,0.89,FB
282,$SOFI - A Retard's Retirement Paradise,2021-10-21,2021-10-21 01:23:00,59,175,0.88,SOFI
283,"With a Short Interest of Over 33 Percent of Its Entire Float, Canoo (GOEV) Starts Receiving Some Much-Needed Love From WallStreetBets",2021-09-24,2021-09-24 05:37:44,65,170,0.78,GOEV
284,Burry‚Äôs $TSLA short was less than a million not 500+ mn,2021-10-11,2021-10-11 13:37:55,31,167,0.89,TSLA
285,"$AMC target 70.55 the 61.8% extension, am expecting DUNE to have a strong opening weekend, Technically she is set up for a continuation regardless",2021-10-18,2021-10-18 20:12:14,63,166,0.72,DUNE
286,"!!! news. mother of all lawsuits quietly filed last month vs Facebook in Delaware. I'll explain why it avoided notice until now in a bit but Zuckerberg, Sandberg, CFO, board inc Peter Thiel and Palantir are defendants - it's a result of sealed docs between FB execs and board. /1",2021-10-06,2021-10-06 17:38:35,43,168,0.92,FB
287,WISH IS MOVING UPWARD MOMENTUM:,2021-10-20,2021-10-20 01:48:09,123,165,0.75,WISH
288,WISH IS MOVING UPWARD MOMENTUM:,2021-10-20,2021-10-20 01:48:09,123,165,0.75,MELI
289,WISH IS MOVING UPWARD MOMENTUM:,2021-10-20,2021-10-20 01:48:09,123,165,0.75,ETSY
290,TESLA VS. BEARS,2021-09-28,2021-09-28 02:09:08,13,164,0.88,VS
291,"TSLA gains, thx Elon",2021-10-19,2021-10-19 11:04:23,13,162,0.89,TSLA
292,This is How CLOV Will Break Through $20 in December,2021-10-18,2021-10-18 16:00:19,90,161,0.7,CLOV
293,This is How CLOV Will Break Through $20 in December,2021-10-18,2021-10-18 16:00:19,90,161,0.7,ROLL
294,"CRSR, low float and highly shorted.",2021-10-07,2021-10-07 23:27:11,51,158,0.86,CRSR
295,"$WISH, Have we bottom out yet ?",2021-10-05,2021-10-05 05:43:15,124,162,0.86,WISH
296,SOFI only going to get better from here!,2021-10-13,2021-10-13 01:24:03,23,155,0.9,SOFI
297,"If Elon reports insane Tesla deliveries over the weekend, my 200 $900 $TSLA contracts are going to print. If not, I can always move home.",2021-10-02,2021-10-02 01:33:42,89,155,0.93,TSLA
298,"SAVE BIG ON TAXES BY TRADING SPX/NDX CORRECTLY: If you use SPY/QQQ options and not SPX/XSP/NDX/ES/NQ options for short-term trades, after reading this, you should consider yourself a moron. Annual PSA!",2021-10-03,2021-10-03 02:27:32,105,155,0.93,CASH
299,Your loss porn is cathartic for me‚Ä¶.,2021-10-09,2021-10-09 15:37:11,78,157,0.84,CHK
300,$WISH DD: Upside Surprise Potential in November Earnings,2021-10-08,2021-10-08 11:52:19,73,151,0.77,WISH
301,CLOV YOLO,2021-09-29,2021-09-29 00:18:29,23,154,0.91,CLOV
302,AST SpaceMobile Assured PNT / Fused LEO GNSS potential.,2021-09-27,2021-09-27 17:00:26,40,157,0.92,PNT
303,AST SpaceMobile Assured PNT / Fused LEO GNSS potential.,2021-09-27,2021-09-27 17:00:26,40,157,0.92,GNSS
304,As TLRY breaks out of a falling wedge‚Ä¶‚Ä¶.and earnings coming October 7th(30% Jump last earnings )‚Ä¶..and banks doing business with cannabis companies passed ‚Ä¶.now is it a good time to get in so you don‚Äôt chase the rocket,2021-09-24,2021-09-24 05:44:09,79,155,0.85,TLRY
305,$LTCH: A play worth locking in,2021-09-28,2021-09-28 19:27:49,25,156,0.91,LTCH
306,$TELL- Recent Moves in Nat Gas,2021-10-03,2021-10-03 23:24:55,55,151,0.93,TELL
307,39k $SDC yolo,2021-10-01,2021-10-01 00:31:00,35,150,0.88,SDC
308,$GOEV YOLO,2021-09-23,2021-09-23 20:23:38,23,155,0.9,GOEV
309,$LCID Lucid Motors ‚òÅÔ∏è‚ö° Big announcement this week - get in before the news drop,2021-09-27,2021-09-27 23:21:58,140,152,0.79,LCID
310,$LCID Lucid Motors ‚òÅÔ∏è‚ö° Big announcement this week - get in before the news drop,2021-09-27,2021-09-27 23:21:58,140,152,0.79,TSLA
311,Let's try this $WISH business YOLO,2021-09-23,2021-09-23 19:25:13,82,152,0.89,WISH
312,Hide Your Wife as I'll Pull Up To Your House in a Pink Lambo - $ROOT from $5 to $15 PT (+200%),2021-10-20,2021-10-20 22:10:51,73,152,0.84,ROOT
313,SDC thoughts?,2021-10-16,2021-10-16 22:23:23,111,152,0.8,SDC
314,"YOLOs on DNA, GENI, CC, JBI, VIAC - $3.5M on the line",2021-09-25,2021-09-25 20:46:43,93,151,0.85,VIAC
315,WISH squad. LFG!,2021-10-20,2021-10-20 02:02:06,44,147,0.81,WISH
316,Why do people keep trying to screw $SDC hit the threshold list today.,2021-10-05,2021-10-05 12:06:46,31,149,0.85,SDC
317,How To Pick BIG MOVERS üöÄ - The Importance of ADR & How To Use It.,2021-10-18,2021-10-18 14:57:51,19,145,0.92,SOFI
318,How To Pick BIG MOVERS üöÄ - The Importance of ADR & How To Use It.,2021-10-18,2021-10-18 14:57:51,19,145,0.92,AAPL
319,How To Pick BIG MOVERS üöÄ - The Importance of ADR & How To Use It.,2021-10-18,2021-10-18 14:57:51,19,145,0.92,NNDM
320,A Bears Guide to Shorting Stupid Meme Stocks,2021-09-26,2021-09-26 03:10:21,127,147,0.82,VERY
321,üíéüôå SDC YOLO. Part 2.,2021-09-25,2021-09-25 06:13:07,27,147,0.87,SDC
322,Avepoint (AVPT) : An Undervalued Play Which Literally Can't Go Tits Up,2021-10-07,2021-10-07 23:06:19,74,143,0.86,AVPT
323,Why SOFI will be buying my wife and me a new boyfriend,2021-10-04,2021-10-04 10:47:31,47,135,0.86,SOFI
324,"We are having an interesting situation on $CLOV. - Oct 15 options open interest is lower than usual. - Implied volatility is quite low, as low as it was before June $20+ jump. - The stock price is also historically low. What does this mean? Thread below... üëá If you are planning to buy calls, buy now",2021-09-28,2021-09-28 02:27:10,47,138,0.79,CLOV
325,$GOEV keep this one on watch - nicely bottomed out and 30% short,2021-10-10,2021-10-10 05:30:45,95,135,0.82,GOEV
326,CRSR | Shorts are getting overleveraged and will have to cover on move to upside,2021-10-01,2021-10-01 01:45:49,55,137,0.87,CRSR
327,Another $AMZN Gain üí∏,2021-10-16,2021-10-16 09:13:28,36,134,0.87,AMZN
328,Top 10 Short Analysis and Big & Safe Moves for October: $ROOT and others,2021-09-27,2021-09-27 20:46:31,80,134,0.89,ROOT
329,Top 10 Short Analysis and Big & Safe Moves for October: $ROOT and others,2021-09-27,2021-09-27 20:46:31,80,134,0.89,NKLA
330,Top 10 Short Analysis and Big & Safe Moves for October: $ROOT and others,2021-09-27,2021-09-27 20:46:31,80,134,0.89,GOEV
331,Top 10 Short Analysis and Big & Safe Moves for October: $ROOT and others,2021-09-27,2021-09-27 20:46:31,80,134,0.89,SDC
332,Top 10 Short Analysis and Big & Safe Moves for October: $ROOT and others,2021-09-27,2021-09-27 20:46:31,80,134,0.89,CASH
333,Top 10 Short Analysis and Big & Safe Moves for October: $ROOT and others,2021-09-27,2021-09-27 20:46:31,80,134,0.89,TSLA
334,Quite possibly the best opportunity that you will ever have and it is today and right now!,2021-09-27,2021-09-27 14:50:07,173,129,0.66,VERY
335,$SOFI Bank Charter Very Very Soon,2021-10-01,2021-10-01 03:42:52,50,132,0.93,SOFI
336,SOFI Update - üíé ‚úã clawing back the earnings L,2021-09-24,2021-09-24 20:58:50,20,130,0.89,SOFI
337,Who else loves UPST,2021-10-17,2021-10-17 17:58:08,110,127,0.84,UPST
338,"CLOV Stock: Skeptical, Wall Street Still Sees 6% Upside",2021-10-13,2021-10-13 16:47:40,16,128,0.86,CLOV
339,I just posted about alibaba and was convinced on TLRY - so good luck fellow apes! üåô üöÄ please don‚Äôt tell my wife‚Äôs BF I‚Äôm using his money,2021-09-30,2021-09-30 23:40:22,70,132,0.89,TLRY
340,"$SOFI YOLO (bought 3k shares yesterday, 2k today)",2021-09-30,2021-09-30 04:35:51,52,128,0.87,SOFI
341,$ROOT Stock - Safe and High ROI setup for October - Analysis of Naked Short Setup,2021-09-28,2021-09-28 09:13:09,49,127,0.9,ROOT
342,$ROOT Stock - Safe and High ROI setup for October - Analysis of Naked Short Setup,2021-09-28,2021-09-28 09:13:09,49,127,0.9,SDC
343,$ROOT Stock - Safe and High ROI setup for October - Analysis of Naked Short Setup,2021-09-28,2021-09-28 09:13:09,49,127,0.9,NKLA
344,$ROOT Stock - Safe and High ROI setup for October - Analysis of Naked Short Setup,2021-09-28,2021-09-28 09:13:09,49,127,0.9,GOEV
345,When it‚Äôs your rent Money 2k can taste like some high octane shit. $SDC make me smile again,2021-10-05,2021-10-05 09:52:49,41,130,0.86,SDC
346,Why I am invested in Alibaba.,2021-10-13,2021-10-13 21:43:12,133,130,0.74,PDD
347,WISH: how a Q3 Revenue Beat Will Catch Shorts by Surprise,2021-10-12,2021-10-12 22:06:26,71,128,0.77,WISH
348,$Wish and Neurotic Mr. Market,2021-10-04,2021-10-04 22:01:29,52,128,0.87,WISH
349,CIFR and the Gold Standard of Valuing Miners,2021-10-19,2021-10-19 00:19:43,73,124,0.94,EH
350,AMRS- Making limited stuff unlimited (referring to your $$),2021-10-08,2021-10-08 05:28:36,52,122,0.9,AMRS
351,PSFE‚Ä¶.the next SQ / PayPal to the moon,2021-10-06,2021-10-06 20:07:09,47,121,0.82,WIRE
352,PSFE‚Ä¶.the next SQ / PayPal to the moon,2021-10-06,2021-10-06 20:07:09,47,121,0.82,API
353,Make $ASTS Great Again,2021-09-26,2021-09-26 09:48:38,34,120,0.79,ASTS
354,Not too late folks! $TSLAüöÄüöÄüöÄ,2021-10-14,2021-10-14 01:49:47,74,121,0.84,TSLA
355,Small AMD scalp v2,2021-10-22,2021-10-22 01:52:06,33,169,0.93,AMD
356,Solid setup into Monday. Anchored VWAP above around $9. $CLOV,2021-10-04,2021-10-04 07:05:54,30,118,0.84,CLOV
357,College student yolo into BBBY with x5 leverage. Wish me luck.,2021-10-01,2021-10-01 05:34:31,197,117,0.86,BBBY
358,$CRSR | A Long Form Corsair DD,2021-09-30,2021-09-30 08:55:38,48,118,0.9,CRSR
359,$SOFi is Bloomberg's Top Idea!,2021-10-21,2021-10-21 18:25:31,42,131,0.89,SOFI
360,$ROOT. Buy the bottom. Extreme Value.,2021-09-30,2021-09-30 07:06:06,88,118,0.85,ROOT
361,CRSR stock is a powerful force not to be reckoned with. Corsair stock going to the moon quick bois!,2021-09-25,2021-09-25 00:01:52,56,115,0.79,CRSR
362,Why I think CLF is bound to largely exceed expectations in Q3 and Q4,2021-10-18,2021-10-18 02:49:18,43,112,0.88,SP
363,CLNE YOLO - update,2021-09-28,2021-09-28 01:39:49,29,114,0.82,CLNE
364,$WISH - Week 3 Loss Update üòÇ 5K more shares coming over weekend through assigned Puts lol,2021-10-02,2021-10-02 07:45:27,61,113,0.92,WISH
365,How to ACTUALLY play earnings,2021-10-20,2021-10-20 02:12:56,99,112,0.88,TSLA
366,62K $HUT YOLO - The stock is undervalued,2021-10-11,2021-10-11 23:32:25,21,113,0.88,HUT
367,WISH YOLO...Lets do this,2021-10-04,2021-10-04 05:09:42,53,113,0.76,WISH
368,Why BB Blackberry patent sale is taking this long,2021-09-24,2021-09-24 04:34:01,20,112,0.9,FB
369,"81,000 Shares , 400 Call Contracts - Mattress Stocks are the 2 Million dollar play - PRPL",2021-09-23,2021-09-23 23:53:36,89,111,0.89,PRPL
370,How many people have actually tried using $WISH's website?,2021-09-30,2021-09-30 10:23:10,74,111,0.86,WISH
371,How many people have actually tried using $WISH's website?,2021-09-30,2021-09-30 10:23:10,74,111,0.86,ANY
372,(Update) Palantir Technologies (PLTR) Price Action 10 Oct 21 üöÄ üöÄ,2021-10-10,2021-10-10 08:11:10,74,107,0.87,TSLA
373,(Update) Palantir Technologies (PLTR) Price Action 10 Oct 21 üöÄ üöÄ,2021-10-10,2021-10-10 08:11:10,74,107,0.87,SDC
374,Few months ago someone turned $90 into $24000 in one day. Looks like the similar opportunity is still alive.,2021-10-04,2021-10-04 08:13:56,114,107,0.73,STMP
375,"$PLTR: Recent News, SEC Filings, and insider selling",2021-10-09,2021-10-09 22:47:00,48,109,0.88,FFIE
376,"$PLTR: Recent News, SEC Filings, and insider selling",2021-10-09,2021-10-09 22:47:00,48,109,0.88,CD
377,"ROOT, The Tech and AI Firm Revolutionizing an Industry and my MONSTER position",2021-09-23,2021-09-23 09:27:19,23,108,0.85,ROOT
378,SDC is a dogshit company... but they know if they can survive the short term they'll win the long term game,2021-10-12,2021-10-12 01:23:59,65,107,0.73,SDC
379,WISH TO 69.... üôà,2021-09-30,2021-09-30 23:27:52,36,108,0.88,WISH
380,The power of holding through an uptrend,2021-10-18,2021-10-18 20:10:54,36,106,0.93,BNGO
381,The power of holding through an uptrend,2021-10-18,2021-10-18 20:10:54,36,106,0.93,CLOV
382,The power of holding through an uptrend,2021-10-18,2021-10-18 20:10:54,36,106,0.93,RIOT
383,$ME 23&me inevitable break through,2021-10-15,2021-10-15 20:20:36,81,105,0.84,ME
384,TLRY (TILRAY-NASDAQ),2021-10-13,2021-10-13 10:50:39,32,105,0.86,TLRY
385,"New Chart Pattern: DUCK, DUCK, F***, GOOSE Pattern on $SDC (Test with $ROOT)",2021-10-05,2021-10-05 03:15:59,23,100,0.89,SDC
386,"New Chart Pattern: DUCK, DUCK, F***, GOOSE Pattern on $SDC (Test with $ROOT)",2021-10-05,2021-10-05 03:15:59,23,100,0.89,ROOT
387,"Ain't much, but honest gains. Thanks $Tell",2021-09-28,2021-09-28 07:46:54,29,101,0.91,TELL
