,date,ticker,TWEETS,Vader Sentiment,Vader Analysis
0,2021-10-17,BNTX,@elliott_elsey $BNTX pulled back 50% from the August highs to retest the summer time breakout area .... I'd start looking for a bottoming pattern to start forming in this area here.  https://t.co/68Rm6dPlYS,0.0,Neutral
1,2021-10-17,TASK,@ctorre3 $TASK hit targets ... so good spot to at least book some gains.   But now i wanna see it hold steady in this area and build a new pattern to emerge.,0.4715,Neutral
2,2021-10-17,GEVO,@jashyl_koz $GEVO is just churning sideways. Needs a big catalyst to get moving again.,0.0,Neutral
3,2021-10-17,MARA,@zaferali2 $MARA is the leader in this space.... I'd look to buy this one on any dips now.   and $ANY continues to bottom quite nicely. Accumulation Volume picking up big time.,0.4927,Neutral
4,2021-10-17,ANY,@zaferali2 $MARA is the leader in this space.... I'd look to buy this one on any dips now.   and $ANY continues to bottom quite nicely. Accumulation Volume picking up big time.,0.4927,Neutral
5,2021-10-17,OPEN,@MoMargin $OPEN ... has bottomed very nicely. Notice the recent Accumulation Volume patterns.   Just needs a few days of sideways movement without pulling back too much to really show that demand is picking up in the stock.,0.3462,Neutral
6,2021-10-17,COIN,$COIN .... bottoming nicely and starting to gain some upside momentum   Targets: $340 to $350  https://t.co/z93U8BTKVw,0.743,Positive
7,2021-10-17,IWM,Check out that $IWM weekly chart ....  https://t.co/BkURoLBEYZ,0.0,Neutral
8,2021-10-15,AA,$AA ... officially making a PEG candle today.  https://t.co/PPCVOojxk2,0.0,Neutral
9,2021-10-14,TASK,"I've always said ""The absolute best trades work right away""....   They don't waste any time...  When a trade starts printing immediately after you start it, don't be in a rush to sell it because chances are very high, it's gonna be a big winner!  This $TASK falls in that category  https://t.co/WlN1Isovhr",0.9086,Positive
10,2021-10-14,VYGR,@y_jessca $VYGR is a micro-cap momomentm stock.   So hyper volatility is the name of the game. I wanna see it stop selling off first and create a pivot,-0.0258,Neutral
11,2021-10-14,AMD,$AMD with another follow thru candle  https://t.co/JbnAAGiSrR,0.0,Neutral
12,2021-10-14,SPY,HIGHER LOW confirmed  $SPY  https://t.co/fb8xu95vkx,-0.4278,Neutral
13,2021-10-14,NASDAQ,A truly sweet lookin breakout today on the $NASDAQ ....  https://t.co/gOmBbJv4mT,0.7096,Positive
14,2021-10-14,NUE,$NUE ... turning that corner  https://t.co/iDRNrTgF2U,0.0,Neutral
15,2021-10-14,ANY,$ANY ... busting thru yesterday's highs  https://t.co/E0VCeTbhgK,0.0,Neutral
16,2021-10-14,ATER,$9 is a resistance zone.... $ATER,0.0,Neutral
17,2021-10-14,DDOG,$DDOG ... turning into a big breakout day  https://t.co/a1Gfafxpdq,0.0,Neutral
18,2021-10-14,LCID,@Coltonblack15 Not familiar with $LCID .... but looks like a good spot to start nibbling,0.7964,Positive
19,2021-10-14,FB,$FB 'Chart Request'  If you've ever wanted to buy $FB .... this might be the spot to do it at. As it tests the 200 day MA and is getting a barrage of negative news headlines  https://t.co/RKDYjIQPXx,-0.5719,Negative
20,2021-10-14,FB,$FB 'Chart Request'  If you've ever wanted to buy $FB .... this might be the spot to do it at. As it tests the 200 day MA and is getting a barrage of negative news headlines  https://t.co/RKDYjIQPXx,-0.5719,Negative
21,2021-10-14,ATER,$ATER ... not wasting any time  https://t.co/VjUs4zLqFK,0.3089,Neutral
22,2021-10-14,ATER,Our old friend $ATER (from the speculative side of the fence).... setting up once again.   Did a great job of putting many traders to sleep... Could wake up from that 4 weeks long slumber at any moment.   Worth watching....  https://t.co/yUSwPxj2It,0.8625,Positive
23,2021-10-14,ANY,$ANY .... not wasting any time   Decided to go TODAY  https://t.co/iRIIRNEgbA,0.3089,Neutral
24,2021-10-14,URA,@tenuredtrader One of my favorite sectors right now!   #Uranium #CCJ $URA $DNN $UUUU  https://t.co/njdsAwvOVu,0.5093,Positive
25,2021-10-14,DNN,@tenuredtrader One of my favorite sectors right now!   #Uranium #CCJ $URA $DNN $UUUU  https://t.co/njdsAwvOVu,0.5093,Positive
26,2021-10-14,UUUU,@tenuredtrader One of my favorite sectors right now!   #Uranium #CCJ $URA $DNN $UUUU  https://t.co/njdsAwvOVu,0.5093,Positive
27,2021-10-13,TASK,$TASK ... switched into second gear .... right at 2PM(algo happy hour)  https://t.co/Q4vPnO93QT,0.5719,Positive
28,2021-10-13,NUE,"Only a matter of time before the big rotation comes back into the Steel sector...   $NUE acting quiet as price action goes into deep contraction mode.... the ""calm before the storm""  https://t.co/hY946llOos",0.34,Neutral
29,2021-10-13,ANY,$10 price target on $ANY looks reasonable and do-able for a stock of this genre....  https://t.co/zQbtKM88jq,0.0,Neutral
30,2021-10-13,SPY,Do you see what i see??   If we close GREEN today on $SPY... we'll have our first attempt at a HIGHER LOW since the bottom on Oct 4th!   Study those charts on this thread carefully! Also try to think back at the time what your psychology was like? What you were feeling? etc  https://t.co/EgJ5Bm5Dun,0.4958,Neutral
31,2021-10-13,TASK,"This $TASK is only getting warmed up, imo   It's got at least another day like today left in the tank for this week  https://t.co/BLOK0bEWMR",0.5574,Positive
32,2021-10-13,ANY,Love the look on this $ANY   A big volume breakout from a beautiful base... followed by two back to back INSIDE DAY candles. This chart is pointing to a big range move higher tomorrow,0.8442,Positive
33,2021-10-13,TASK,Galloping strongly here ... we have a runner   $TASK  https://t.co/wwKL3CrnYd,0.2732,Neutral
34,2021-10-13,GDRX,Much better and more encouraging looking action from $GDRX .... after a very choppy first few days into this trade.  https://t.co/VYGfwogYYC,0.7645,Positive
35,2021-10-13,CCJ,$CCJ ... nice follow thru after yesterday's monster rally  https://t.co/JVNCnFxNjl,0.4215,Neutral
36,2021-10-13,AMD,$AMD breaking out?? Am I seeing this right?  https://t.co/hhRza1hzOk,0.0,Neutral
37,2021-10-13,DDOG,Very good relative strength in $DDOG versus the overall poor action in the indices   Printing new 52 week highs here  https://t.co/saJcfrcFXp,0.5509,Positive
38,2021-10-13,S,"$S ... bottoming pattern working well thus far here... if it takes out last week's highs, this one should really fly.  https://t.co/oBt9pRgJFf",0.2732,Neutral
39,2021-10-13,CCJ,@ScottBusch15 Cheers Scott   Nice move in $CCJ this week,0.7096,Positive
40,2021-10-13,TASK,"Keep an eye on this $TASK   When it moves, makes big, fast moves  https://t.co/CV1YDf8AEV",0.0,Neutral
41,2021-10-13,SE,@blankcheck1985 $SE would breakout from a bullish flag if it gets above last week's highs,0.0,Neutral
42,2021-10-13,CCJ,$CCJ .... ramping up nicely here... on a healthy pick up in volume too  https://t.co/XKfn9ttjaf,0.6808,Positive
43,2021-10-12,DDOG,$DDOG .... held up relatively well recently during the recent market turbulence....  Still looking for $160 to $170 targets on this one.  https://t.co/i5LtVh5JEG,0.2732,Neutral
44,2021-10-12,TASK,"$TASK ... new setup to watch   Made a beautiful PEG and post-PEG run up in August and September... now the stock is wedging nicely on the 50 day MA after a smooth, controlled pullback.   First targets: $70 to $72 area  https://t.co/9qEykkRjGH",0.7783,Positive
45,2021-10-12,CLF,Overall market action remains on choppy/weak side... but we are seeing a rotation back into the Steel sector...   $CLF leading the sector move higher this week  https://t.co/2ULLljT4YS,0.0,Neutral
46,2021-10-12,CCJ,After a few days of sideways chop action... $CCJ and Uranium sector finally getting some strong rotation today.  Targets back to the September highs at minimum  https://t.co/v5qcQE7AnN,0.5106,Positive
47,2021-10-12,GSAH,New interview by @SPACalpha highlighting the $GSAH/Mirion Technologies transaction   https://t.co/wBDHrMBxlz,0.0,Neutral
48,2021-10-17,AAPL,$AAPL Weekly catching a bid right at the demand zone.  https://t.co/0lKfWGRGI9,-0.128,Neutral
49,2021-10-16,CHWY,The Results! #LottoFriday  $CHWY Failed $NFLX Failed $NIO 37C | .28 to 1.3 [+364%] $ROKU 325P | .6 to 1.5 [+150%] $SNAP 78C | .31 to .95 [+206]  NFLX trade failed due to theta. NIO required you buy the open. SNAP trade only provided to the Elite ;)  Cheers and HAGW! üçª,-0.7568,Negative
50,2021-10-16,NFLX,The Results! #LottoFriday  $CHWY Failed $NFLX Failed $NIO 37C | .28 to 1.3 [+364%] $ROKU 325P | .6 to 1.5 [+150%] $SNAP 78C | .31 to .95 [+206]  NFLX trade failed due to theta. NIO required you buy the open. SNAP trade only provided to the Elite ;)  Cheers and HAGW! üçª,-0.7568,Negative
51,2021-10-16,NIO,The Results! #LottoFriday  $CHWY Failed $NFLX Failed $NIO 37C | .28 to 1.3 [+364%] $ROKU 325P | .6 to 1.5 [+150%] $SNAP 78C | .31 to .95 [+206]  NFLX trade failed due to theta. NIO required you buy the open. SNAP trade only provided to the Elite ;)  Cheers and HAGW! üçª,-0.7568,Negative
52,2021-10-16,ROKU,The Results! #LottoFriday  $CHWY Failed $NFLX Failed $NIO 37C | .28 to 1.3 [+364%] $ROKU 325P | .6 to 1.5 [+150%] $SNAP 78C | .31 to .95 [+206]  NFLX trade failed due to theta. NIO required you buy the open. SNAP trade only provided to the Elite ;)  Cheers and HAGW! üçª,-0.7568,Negative
53,2021-10-16,SNAP,The Results! #LottoFriday  $CHWY Failed $NFLX Failed $NIO 37C | .28 to 1.3 [+364%] $ROKU 325P | .6 to 1.5 [+150%] $SNAP 78C | .31 to .95 [+206]  NFLX trade failed due to theta. NIO required you buy the open. SNAP trade only provided to the Elite ;)  Cheers and HAGW! üçª,-0.7568,Negative
54,2021-10-16,COIN,"$COIN Big test right here, nice move today on the back of bullish sweeper action. Looks great into next week if it can get through the supply level.  https://t.co/JBruy0qMND",0.7845,Positive
55,2021-10-16,SPY,If you're looking for a pro when it comes to futures than @Delta_Warrior1 is your man. Give him a follow ASAP! His plays are also applicable to $SPY and $QQQ etc.  All of these callouts were sent live via the brand new Theta Warrior Elite Discord. üëÄ,-0.2481,Neutral
56,2021-10-16,QQQ,If you're looking for a pro when it comes to futures than @Delta_Warrior1 is your man. Give him a follow ASAP! His plays are also applicable to $SPY and $QQQ etc.  All of these callouts were sent live via the brand new Theta Warrior Elite Discord. üëÄ,-0.2481,Neutral
57,2021-10-16,SNAP,$SNAP Sweeper Alert üßπ  976 x 21JAN22 75C = $917.4K  Premium: $9.4 (ASKSIDE)  Spot: 77.69,0.296,Neutral
58,2021-10-15,AAPL,$AAPL Key level to overcome.  https://t.co/8MYRVuTZcU,0.0,Neutral
59,2021-10-15,ROKU,$ROKU Sweeper Alert üßπ  285 x  19NOV21 330C = $535.8K  Premium: $18.79 (ASKSIDE)  Spot: 326.08,0.296,Neutral
60,2021-10-15,NIO,$NIO Inverse head and shoulders breakout.  https://t.co/y5s4BR9oys,0.0,Neutral
61,2021-10-15,SNAP,"$SNAP There is the rip, more buying in the 79C today.  https://t.co/yMyz4rNfe0",0.0,Neutral
62,2021-10-15,XPEV,$XPEV Seeing some profit taking in the 42C (which makes sense) but they are adding in the 46C and 47C üëÄ  https://t.co/m7yk3KicFs,0.2382,Neutral
63,2021-10-15,AMD,$AMD Put/Call: 47K/127K,0.0,Neutral
64,2021-10-15,XPEV,$XPEV Put/Call: 5.3K/27.5K,0.0,Neutral
65,2021-10-15,SNAP,"$SNAP Sweepers in this name are a different breed, relentless to say the least. They picked an interesting spot to add more exposure today.  https://t.co/6YlV5vKRis",0.4404,Neutral
66,2021-10-15,CHWY,DISCLAIMER: HIGH RISK #LottoFriday  Keep bets small. Lock in gains.  $CHWY 64C &gt;63.87 | 62P &lt;62.37 $NFLX 640C &gt;637.66 | 625P &lt;630.45 $NIO 37C &gt;36.68 | 35P &lt;35.6 $ROKU 335C &gt;334.11  325P &lt;328.21  Good luck!  https://t.co/lhxYFk4Ksa,0.6965,Positive
67,2021-10-15,NFLX,DISCLAIMER: HIGH RISK #LottoFriday  Keep bets small. Lock in gains.  $CHWY 64C &gt;63.87 | 62P &lt;62.37 $NFLX 640C &gt;637.66 | 625P &lt;630.45 $NIO 37C &gt;36.68 | 35P &lt;35.6 $ROKU 335C &gt;334.11  325P &lt;328.21  Good luck!  https://t.co/lhxYFk4Ksa,0.6965,Positive
68,2021-10-15,NIO,DISCLAIMER: HIGH RISK #LottoFriday  Keep bets small. Lock in gains.  $CHWY 64C &gt;63.87 | 62P &lt;62.37 $NFLX 640C &gt;637.66 | 625P &lt;630.45 $NIO 37C &gt;36.68 | 35P &lt;35.6 $ROKU 335C &gt;334.11  325P &lt;328.21  Good luck!  https://t.co/lhxYFk4Ksa,0.6965,Positive
69,2021-10-15,ROKU,DISCLAIMER: HIGH RISK #LottoFriday  Keep bets small. Lock in gains.  $CHWY 64C &gt;63.87 | 62P &lt;62.37 $NFLX 640C &gt;637.66 | 625P &lt;630.45 $NIO 37C &gt;36.68 | 35P &lt;35.6 $ROKU 335C &gt;334.11  325P &lt;328.21  Good luck!  https://t.co/lhxYFk4Ksa,0.6965,Positive
70,2021-10-15,NFLX,$NFLX Thinking about taking that next leg higher.  https://t.co/KKuPWiKCjl,0.0,Neutral
71,2021-10-15,AMD,"$AMD Right at the supply level, decision time.  https://t.co/TSsvgKsm3C",0.0,Neutral
72,2021-10-15,SPAC,"Friday's Top 3 SPAC Targets is out now!  This week's focus is on 5G/Fiber...covering land, sea and air. Although ""air"" is technically space...Check it out. This one is a fun read with really interesting targets. #SPAC $SPAC    https://t.co/RjW9FU3Hxs",0.8118,Positive
73,2021-10-15,ADER,"Deal Announcement!  26 Capital $ADER to combine with Okada Manila, an integrated gaming resort in the Phillippines, for $2.6bn in enterprise value. #SPAC    https://t.co/R03AWtXmaV",0.4003,Neutral
74,2021-10-14,HZAC,Horizon $HZAC deal gets a PIPE investment from DraftKings $DKNG ahead of combo with Vivid Seats   https://t.co/jmZd8Yicn3,0.0,Neutral
75,2021-10-14,DKNG,Horizon $HZAC deal gets a PIPE investment from DraftKings $DKNG ahead of combo with Vivid Seats   https://t.co/jmZd8Yicn3,0.0,Neutral
76,2021-10-14,ACEV,"Deal Announcement!  Ace Convergence $ACEV to combine with Tempo Automation Inc., ""a software-accelerated electronics manufacturer"", for $919M equity value.   https://t.co/jz6ODaEjFU",0.4003,Neutral
77,2021-10-13,PPGH,New Podcast out now!  This week we speak with Gogoro Co-founder &amp; CEO @Horaceluke and Poema CEO Homer Sun $PPGH. We discussed the future of mobility in the middle of the EV revolution and their battery swapping model. Give it a listen! @WeAreGogoro #SPAC    https://t.co/qP74Zr5Z1p,0.0,Neutral
78,2021-10-13,RBAC,Deal Announcement!  Seat Geek confirmed!   To combine with Redball Acquisition Corp. $RBAC for $1.35 bn enterprise value.   https://t.co/fFFOgfo2kO,0.2924,Neutral
79,2021-10-12,DUNE,Deal Announcement  Dune $DUNE to combine with TradeZero for $556M EV.   https://t.co/y5FOofzoY3,0.0,Neutral
80,2021-10-11,PPGH,@BBbojangles @WeAreGogoro @BillSPACman @SpacGuru @SpacBobby @SpacTiger @spacanpanman We have a new podcast coming out on Wednesday with Gogoro...you'll want to listen in. $PPGH,0.0772,Neutral
81,2021-10-09,RBAC,"@PPLongspacking @SPAC_Sozzi @Spac_Beattie @ClaytonNicholas Haha.  I think people were burned on Lucid rumors. Not going to make that mistake again. Plus, $RBAC has had rumored deals before and that didn't pan out. So I'm sure there's some skepticism.",0.2911,Neutral
82,2021-10-09,RBAC,"Well, well, well...Redball $RBAC confirms negotiations with Seatgeek and guess who already had it as a Top 3 SPAC pick?  We did...for our Live Events focus.  SPACInsider team scores another! @SPAC_Sozzi @Spac_Beattie @ClaytonNicholas    https://t.co/y0ck31uGtl",0.6476,Positive
83,2021-10-07,NGAB,Embark released the webcast of their analyst day.  You can find the link here:  https://t.co/Sw31g5cesz  @Embarktrucks is the target company of Northern Genesis II $NGAB,0.0,Neutral
84,2021-10-07,FMAC,"Deal Announcement!   FirstMark Horizon $FMAC to combine with Starry, a ""next generation fixed wireless technology developer and internet provider"" for $1.66bn EV.   https://t.co/OM5BRGOhvG",0.0,Neutral
85,2021-10-06,SNII,"Deal Announcement!  Supernova Partners II $SNII to combine with Rigetti Computing, ""a pioneer in full-stack quantum computing"" for $1.5 bn. Rigetti introduced its scalable superconducting chips in June 2021. #SPAC    https://t.co/78St9JoBRN",0.0,Neutral
86,2021-10-17,PSFE,Did you give up on $PSFE / ‚Å¶@PaySAFE‚Å© already? Well #DavidTepper hasn‚Äôt   https://t.co/ILUPCkdVf1,0.2732,Neutral
87,2021-10-17,DM,$DM / ‚Å¶@DesktopMetal‚Å© Qualifies Nickel Alloy IN625 for High-Volume Additive Manufacturing With the Production System  https://t.co/kxMsRDYtZs,0.0,Neutral
88,2021-10-17,HYPR,@Stumpjumper88 @Hyperfine @LiminalSciences It‚Äôs part of it with @Hyperfine to be $HYPR,0.0,Neutral
89,2021-10-16,RTPY,Aurora's autonomous trucks and taxis will be available to customers via subscription $RTPY  https://t.co/yFgkZG4Dtm,0.0,Neutral
90,2021-10-16,RTPY,Tangible Victory! $RTPY,0.0,Neutral
91,2021-10-15,PTRA,@singla_atul @60seconds16 @SPACtrack @stocktalkweekly @Doc_Steve_Brule There is money in those $PTRA calls,0.0,Neutral
92,2021-10-15,FTCV,#OT hey $FTCV / @eToro @eToroUS @eToroTeam why can‚Äôt I buy @solana $SOL?  I can buy $SHIB and $DOGE but no #Solana for me?  Can I get this unlocked in my account? $COIN /  @coinbase allows it. #Help  https://t.co/YfhmHPHAMx,0.316,Neutral
93,2021-10-15,SOL,#OT hey $FTCV / @eToro @eToroUS @eToroTeam why can‚Äôt I buy @solana $SOL?  I can buy $SHIB and $DOGE but no #Solana for me?  Can I get this unlocked in my account? $COIN /  @coinbase allows it. #Help  https://t.co/YfhmHPHAMx,0.316,Neutral
94,2021-10-15,SHIB,#OT hey $FTCV / @eToro @eToroUS @eToroTeam why can‚Äôt I buy @solana $SOL?  I can buy $SHIB and $DOGE but no #Solana for me?  Can I get this unlocked in my account? $COIN /  @coinbase allows it. #Help  https://t.co/YfhmHPHAMx,0.316,Neutral
95,2021-10-15,DOGE,#OT hey $FTCV / @eToro @eToroUS @eToroTeam why can‚Äôt I buy @solana $SOL?  I can buy $SHIB and $DOGE but no #Solana for me?  Can I get this unlocked in my account? $COIN /  @coinbase allows it. #Help  https://t.co/YfhmHPHAMx,0.316,Neutral
96,2021-10-15,COIN,#OT hey $FTCV / @eToro @eToroUS @eToroTeam why can‚Äôt I buy @solana $SOL?  I can buy $SHIB and $DOGE but no #Solana for me?  Can I get this unlocked in my account? $COIN /  @coinbase allows it. #Help  https://t.co/YfhmHPHAMx,0.316,Neutral
97,2021-10-15,ABCD,@singla_atul @60seconds16 @SPACtrack @stocktalkweekly @Doc_Steve_Brule When using call spreads I like to post like this. $ABCD DEC $10/$20 #Call spread cost me $0.90. I buy the $10 and sell the $20. It helps on both cost and fighting the theta decay. I also at times leg in. Buy the $10‚Äôs and when it trades higher sell the higher strike,0.2263,Neutral
98,2021-10-15,DNA,@RosenLab @DavidHallman4 @4Catalyzer @JMRothberg @Hyperfine @LiminalSciences @ButterflyNetInc @Quantum_Si I‚Äôll be up soon. $DNA / @Ginkgo event and I need to make plans with $DM / @DesktopMetal as well. Maybe @BillSPACman and @JonahLupton may have interest too,0.6249,Positive
99,2021-10-15,DM,@RosenLab @DavidHallman4 @4Catalyzer @JMRothberg @Hyperfine @LiminalSciences @ButterflyNetInc @Quantum_Si I‚Äôll be up soon. $DNA / @Ginkgo event and I need to make plans with $DM / @DesktopMetal as well. Maybe @BillSPACman and @JonahLupton may have interest too,0.6249,Positive
100,2021-10-15,IONQ,#boom $IONQ / @IonQ_Inc üöÇ all aboard,0.0258,Neutral
101,2021-10-15,LCID,@thehagueT @HangmanTrades @luminartech $LCID said in a presentation long ago they used their own in house #tech on the #lidar. I don‚Äôt remember where I read that?  Any one know where this was from?  https://t.co/rS0WlTewvq,0.0,Neutral
102,2021-10-15,DKNG,Horizon Acquisition Corp. Announces PIPE Investment by DraftKings $DKNG  https://t.co/oDvmAfMbAE,0.0,Neutral
103,2021-10-15,DM,5 Best 3D Printing Stocks To Buy. #spoilerAlert $DM / ‚Å¶@DesktopMetal‚Å© #5. Read why.   https://t.co/9FLu0Znc8t,0.6369,Positive
104,2021-10-15,LCID,"Lucid lidar, BMW iX preview, Honda avatar bot, peat for batteries: Today's Car News $LCID  https://t.co/4in31o7oaa",0.0,Neutral
105,2021-10-15,LCID,"Lucid Air's DreamDrive ADAS Suite Has LiDAR, 14 Cameras, And 32 Sensors For Future Proofing $LCID  https://t.co/DyLDWDd1lO",0.0,Neutral
106,2021-10-15,FSR,The Fisker PEAR Could Be Built Alongside The Lordstown Endurance At Foxconn's Ohio Plant $FSR $RIDE  https://t.co/RxX24I9TSi,0.0,Neutral
107,2021-10-15,RIDE,The Fisker PEAR Could Be Built Alongside The Lordstown Endurance At Foxconn's Ohio Plant $FSR $RIDE  https://t.co/RxX24I9TSi,0.0,Neutral
108,2021-10-15,LCID,Lucid Announces Extension of Redemption Date for its Public Warrants $LCID  https://t.co/Gxz2jGXtMW,0.0,Neutral
109,2021-10-15,HYPR,Why medical imaging is #growth industry? Let @JMRothberg tell you. 9/10 people in the world have ‚ÄúNO‚Äù access to medical imaging. @Hyperfine to be $HYPR  https://t.co/XMYk1iHXMb,0.3818,Neutral
110,2021-10-15,QSI,Had a $QSI demo &amp; also was checked for #covid #antibodies while we spoke. Shared time with ‚ÄúRicky‚Äù who has a fund in Toronto while we discussed the differences between @Quantum_Si and companieslike @23andMe. Simply both have DNA üß¨ #QuantumSI protein sequencing. Big difference  https://t.co/7QUYDPoqqb,0.34,Neutral
111,2021-10-15,QSI,Ready for $QSI @Quantum_Si ? This one we had a long talk on the UI/UX making this not only accessible a next generation protein sequencing platform. But making its cartridge prep solution usable by unskilled people like me. Usually high tech has high training and usage barriers.  https://t.co/vYNV3GeqbO,0.7876,Positive
112,2021-10-15,BFLY,This is what anyone worldwide can see with an internet connection. #lifechanging #tech #affordable to people who never had this type of medical access. $BFLY #butterflyNetwork ü¶ã @4Catalyzer @JMRothberg not my ‚ù§Ô∏è mine is a Jarvik7 I should upgrade to a 7+?  https://t.co/7EJxAYsrKK,0.0,Neutral
113,2021-10-15,BFLY,Here is something you don‚Äôt see everyday. @JMRothberg has let each of his children in age order (from youngest up) ring the opening bell when his companies go public. They have not all rang a bell yet. $BFLY @ButterflyNetInc  https://t.co/F4PcwofwBU,0.0,Neutral
114,2021-10-15,BFLY,Who wants some $BFLY? @ButterflyNetInc display was another amazing demo. Real doctors in real-time showing the walls of the aortaü´Äas well as many other scans of arteries with cloud sharing so anyone can have others look in &amp; help diagnose. @JMRothberg calls it the oldest sister.  https://t.co/GgmBPY6yIh,0.886,Positive
115,2021-10-15,HCAQ,Here is a different view of the @Hyperfine #MRI with @JMRothberg just hoping I didn‚Äôt break it!  Just kidding all was fine $HCAQ -&gt; $HYPR  https://t.co/U6FGoHsZLk,0.6476,Positive
116,2021-10-15,HYPR,Here is a different view of the @Hyperfine #MRI with @JMRothberg just hoping I didn‚Äôt break it!  Just kidding all was fine $HCAQ -&gt; $HYPR  https://t.co/U6FGoHsZLk,0.6476,Positive
117,2021-10-15,HACQ,Wow! @JMRothberg @Madonna &amp; The #StatueOfLiberty. What an amazingly collection of technology that makes the world a better place. @Hyperfine 1st portable #MRI machine #ProjectMalawi  https://t.co/OUAeW4otVq $HACQ $HYPR  https://t.co/vaNzCdKZ6l,0.7901,Positive
118,2021-10-15,HYPR,Wow! @JMRothberg @Madonna &amp; The #StatueOfLiberty. What an amazingly collection of technology that makes the world a better place. @Hyperfine 1st portable #MRI machine #ProjectMalawi  https://t.co/OUAeW4otVq $HACQ $HYPR  https://t.co/vaNzCdKZ6l,0.7901,Positive
119,2021-10-14,SV,$SV / Termination,0.0,Neutral
120,2021-10-14,SEAH,$SEAH / @betway,0.0,Neutral
121,2021-10-14,CIFR,Bought a NOV $6/$10 $CIFR call spread. $0.69 lotto ;) thx @ExcaliburTrade for the reminder. #Options #Risky Not Advice. What I did.  https://t.co/m88vSwrdy8,0.3818,Neutral
122,2021-10-14,ARVL,$ARVL / @arrival,0.0,Neutral
123,2021-10-14,NKLA,$NKLA,0.0,Neutral
124,2021-10-14,HYLN,$HYLN,0.0,Neutral
125,2021-10-14,LCID,"Lucid details DreamDrive ADAS platform, with 'conditional automated driving in coming years' $LCID  https://t.co/83YE2z1v3d",0.0,Neutral
126,2021-10-14,LILM,ABB Develops Chargers For Lilium Electric Airplanes $LILM  https://t.co/G3TnUAcvbn,0.0,Neutral
127,2021-10-14,GGPI,"Taking the Measure of the Polestar 1‚Äîa Gorgeous, Super-Fast Plug-In Hybrid $GGPI  https://t.co/I0bSbQrOyr",0.6124,Positive
128,2021-10-14,FSR,"$FSR Fisker Project Pear to be built in Ohio, pending close of Foxconn-Lordstown deal  https://t.co/pNF9tzp3mP",0.0,Neutral
129,2021-10-14,RTPY,$RTPY Aurora now expects to go public via SPAC and begin trading in November following successful shareholder vote  https://t.co/sT6rr6Hkr5,0.5859,Positive
130,2021-10-14,DNA,"$DNA Ginkgo Bioworks is on the forefront of a revolution, Raymond James says  https://t.co/KSRWKk109y",0.0,Neutral
131,2021-10-14,PTRA,$PTRA Massachusetts Electric School Bus Helps Power Electricity Grid In Breakthrough For Vehicle-to-Grid Technology ...  https://t.co/pEOejMFaB1,0.3818,Neutral
132,2021-10-14,ACEV,$ACEV,0.0,Neutral
133,2021-10-14,IONQ,$IONQ / @IonQ_Inc,0.0,Neutral
134,2021-10-14,CIFR,"I‚Äôm seeing a lot of $CIFR in my feed tonight. I‚Äôm not on this at all, should I be?  Why?  https://t.co/FgcoOype6u",0.0,Neutral
135,2021-10-14,CLOV,$CLOV,0.0,Neutral
136,2021-10-14,SEAH,@LeaderSpac @RobEducated @satorimind @spacanpanman @spac_insider I‚Äôm in $SEAH as well. @epgrubman / @betway seems kinda easy.,0.5729,Positive
137,2021-10-14,DM,@RobEducated @satorimind @spacanpanman @spac_insider $DM / @DesktopMetal #3Dprinting. $PTRA / @Proterra_Inc #EV busses backlogged customers. $IONQ / @IonQ_Inc #QuantumComputing 1st to market @NiccoloDeMasi deal. All currently under $10 a share. Not advice. 3 conviction plays I own in size (for me) in my retirement account.,0.4939,Neutral
138,2021-10-14,PTRA,@RobEducated @satorimind @spacanpanman @spac_insider $DM / @DesktopMetal #3Dprinting. $PTRA / @Proterra_Inc #EV busses backlogged customers. $IONQ / @IonQ_Inc #QuantumComputing 1st to market @NiccoloDeMasi deal. All currently under $10 a share. Not advice. 3 conviction plays I own in size (for me) in my retirement account.,0.4939,Neutral
139,2021-10-14,IONQ,@RobEducated @satorimind @spacanpanman @spac_insider $DM / @DesktopMetal #3Dprinting. $PTRA / @Proterra_Inc #EV busses backlogged customers. $IONQ / @IonQ_Inc #QuantumComputing 1st to market @NiccoloDeMasi deal. All currently under $10 a share. Not advice. 3 conviction plays I own in size (for me) in my retirement account.,0.4939,Neutral
140,2021-10-14,DM,@thetradingchick I agree $DM is a sleeping giant. Have not followed $HIMS,0.3612,Neutral
141,2021-10-14,HIMS,@thetradingchick I agree $DM is a sleeping giant. Have not followed $HIMS,0.3612,Neutral
142,2021-10-14,UTZ,Thx @MelStone31 $UTZ #Darkpool @BlackBoxStocks,0.3612,Neutral
143,2021-10-14,BFLY,"Tomorrow I will see the incredible world of @JMRothberg &amp; the collection of #Technologies üß≤ü¶†ü¶ãüß†üíäüëÅÔ∏è $BFLY, $QSI, &amp; $HCAQ üîú $HYPR @ButterflyNetInc @Quantum_Si @Hyperfine @liminalsciences @Detecttest @HealthTesseract @AITherapeutics  https://t.co/Jnm62Yh6GJ Q: What should I ask?  https://t.co/eGxiLNV1iC",0.0,Neutral
144,2021-10-14,QSI,"Tomorrow I will see the incredible world of @JMRothberg &amp; the collection of #Technologies üß≤ü¶†ü¶ãüß†üíäüëÅÔ∏è $BFLY, $QSI, &amp; $HCAQ üîú $HYPR @ButterflyNetInc @Quantum_Si @Hyperfine @liminalsciences @Detecttest @HealthTesseract @AITherapeutics  https://t.co/Jnm62Yh6GJ Q: What should I ask?  https://t.co/eGxiLNV1iC",0.0,Neutral
145,2021-10-14,HCAQ,"Tomorrow I will see the incredible world of @JMRothberg &amp; the collection of #Technologies üß≤ü¶†ü¶ãüß†üíäüëÅÔ∏è $BFLY, $QSI, &amp; $HCAQ üîú $HYPR @ButterflyNetInc @Quantum_Si @Hyperfine @liminalsciences @Detecttest @HealthTesseract @AITherapeutics  https://t.co/Jnm62Yh6GJ Q: What should I ask?  https://t.co/eGxiLNV1iC",0.0,Neutral
146,2021-10-14,HYPR,"Tomorrow I will see the incredible world of @JMRothberg &amp; the collection of #Technologies üß≤ü¶†ü¶ãüß†üíäüëÅÔ∏è $BFLY, $QSI, &amp; $HCAQ üîú $HYPR @ButterflyNetInc @Quantum_Si @Hyperfine @liminalsciences @Detecttest @HealthTesseract @AITherapeutics  https://t.co/Jnm62Yh6GJ Q: What should I ask?  https://t.co/eGxiLNV1iC",0.0,Neutral
147,2021-10-14,UTZ,@josh28750463 I sold some $15 $UTZ #PUTS that expire Friday. @BlackBoxStocks crew was discussing #Darkpool trades supporting the price I believe they were saying? @optionsmafia1 @MelStone31 @mchaudhry82 @thuhkang @krystenmarlette can correct me.   I was a bit distracted @UtzSnacks  https://t.co/1yfXshbO0B,0.128,Neutral
148,2021-10-14,RDW,You can always check for yourself :) $RDW  https://t.co/juVRPaDAWD,0.4588,Neutral
149,2021-10-14,PTRA,"Give the credit!  Some of you were on this bigtime.   The flex is not #gainporn ot #lamborghinis to me.   You want street cred w/ me?  You post when you nail it &amp; own it when you are wrong. I was too early on $PTRA, $IONQ &amp; hammered on $DM. I like them all for the #Dissruption  https://t.co/nfJmfwzYRB",0.3802,Neutral
150,2021-10-14,IONQ,"Give the credit!  Some of you were on this bigtime.   The flex is not #gainporn ot #lamborghinis to me.   You want street cred w/ me?  You post when you nail it &amp; own it when you are wrong. I was too early on $PTRA, $IONQ &amp; hammered on $DM. I like them all for the #Dissruption  https://t.co/nfJmfwzYRB",0.3802,Neutral
151,2021-10-14,DM,"Give the credit!  Some of you were on this bigtime.   The flex is not #gainporn ot #lamborghinis to me.   You want street cred w/ me?  You post when you nail it &amp; own it when you are wrong. I was too early on $PTRA, $IONQ &amp; hammered on $DM. I like them all for the #Dissruption  https://t.co/nfJmfwzYRB",0.3802,Neutral
152,2021-10-14,RDW,There were many great traders who were beating the table on the $RDW.  If you were one of them please feel free to add your tweet.   I know @HulkCapital @EricTheUmpire @SPACEandEV were a few of them. Who else was on this?  My feed is voluminous so forgive me if I didn't mention U  https://t.co/YOheGXo2fg,0.857,Positive
153,2021-10-14,IONQ,The $IONQ has had a strong 5 days since I got back! @IonQ_Inc #QuantumComputing #LetsGo  https://t.co/m3GKNOmteE,0.5562,Positive
154,2021-10-14,RDW,Cheap $RDW Lotto  Nov $12.50 / $ $17.50 call spread cost $1.00 News with @NASA for launch.  https://t.co/klrW7N3Utr,0.0,Neutral
155,2021-10-14,RTPY,$RTPY,0.0,Neutral
156,2021-10-14,RDW,$RDW #boom  https://t.co/r8S6OUbQey,0.0,Neutral
157,2021-10-13,RTPY,$RTPY,0.0,Neutral
158,2021-10-13,GENI,$GENI,0.0,Neutral
159,2021-10-13,RSI,$RSI,0.0,Neutral
160,2021-10-13,RBAC,$RBAC,0.0,Neutral
161,2021-10-13,BFI,BurgerFi has big plans for a small-scale Anthony's Coal Fired concept $BFI   https://t.co/uuahinjbu5,-0.5574,Negative
162,2021-10-13,ASTR,"Astra completes investigation into August launch failure, aims for next attempt in October $ASTR  https://t.co/XAxsrfMhu1",-0.5106,Negative
163,2021-10-13,SOFI,$SOFI,0.0,Neutral
164,2021-10-13,FSR,$FSR,0.0,Neutral
165,2021-10-13,PTRA,$PTRA,0.0,Neutral
166,2021-10-13,RBAC,$RBAC,0.0,Neutral
167,2021-10-13,OPAD,I‚Äôm in a new place. Getting re allocated with the highest conviction plays. I own many underwater warrants that get hopefully get liquidation events. I should have sold on $OPAD run but didn‚Äôt. Sell all rally‚Äôs for now. #SPAC deals are in the harsh winter still. All will not win.  https://t.co/yhsmhdtyhd,-0.7655,Negative
168,2021-10-13,IPOF,$IPOF thoughts?,0.0,Neutral
169,2021-10-13,COIN,@DavidNLefkowitz I am still wondering if I should stop buying $COIN at $475.00 too?  Oh Jimmy???,-0.4871,Neutral
170,2021-10-12,LCID,"Did you see the $LCID ""#DreamDrive"" video yet? Here you go. #LucidMotors #EV #Reveal  You're Welcome ü§ü #Share #RT  https://t.co/Izp6g9kY1c",0.6369,Positive
171,2021-10-12,UTZ,"Nice bounce $UTZ my sold PUTS are no bid. Guess I am getting the premium, not the $15.00 shares. Get paid for doing nothing is not bad.  https://t.co/651970N5aO",-0.3933,Neutral
172,2021-10-12,IONQ,$IONQ (Above my pay grade),-0.1027,Neutral
173,2021-10-12,BFI,@STORYInvestors Me too. The salad was wife‚Äôs favorite and I learned to copy their wing recipe. I‚Äôm 95% there. My presentation needs work. I‚Äôll sell mine to $BFI on the cheap.  https://t.co/s0jVfo63VJ,0.4588,Neutral
174,2021-10-12,BFI,$BFI ‚Å¶@BurgerFi‚Å© announced the $161.3 million acquisition Monday that is expected to go through in Q4 (Not behind a pay wall like last one I posted)  https://t.co/lyOaLFl37F,0.4207,Neutral
175,2021-10-12,BFI,$BFI Wow! ‚Å¶@BurgerFi‚Å© International agrees to acquire Anthony's Coal Fired Pizza &amp; Wings - South Florida Business Journal  https://t.co/Azhd23btgJ,0.3164,Neutral
176,2021-10-12,GGPI,Polestar Wants To Compete With Porsche For The Best Premium Electric Sports Car $GGPI   https://t.co/tM7PXaX1hU,0.6369,Positive
177,2021-10-12,FSR,Fisker Magic Works to develop two new luxury EVs in the U.K. $FSR  https://t.co/sKuelJApWA,0.0,Neutral
178,2021-10-12,SEAH,"Do you think @OfficialShawn is getting to 1k #followers? If you own $SEAH his on that one like stink on a skunk ü¶®. Heck, I followed him for that alone, and I‚Äôm picky too.  Now leave me alone Shawn!",-0.5707,Negative
179,2021-10-12,SOFI,$SOFI if you missed it!,-0.3595,Neutral
180,2021-10-12,SEAH,$SEAH,0.0,Neutral
181,2021-10-12,BFLY,"I am ready for the big event! @4Catalyzer  $BFLY / @ButterflyNetInc.  $QSI / #DNA @Quantum_Si  $HCAQ üîú $HYPR / @Hyperfine ""To change the World start with those you love &amp; expand your heart to help those that need you the most."" @JMRothberg I should wear my Keith Haring sneakers?  https://t.co/XMDL5BGxdb",0.945,Positive
182,2021-10-12,QSI,"I am ready for the big event! @4Catalyzer  $BFLY / @ButterflyNetInc.  $QSI / #DNA @Quantum_Si  $HCAQ üîú $HYPR / @Hyperfine ""To change the World start with those you love &amp; expand your heart to help those that need you the most."" @JMRothberg I should wear my Keith Haring sneakers?  https://t.co/XMDL5BGxdb",0.945,Positive
183,2021-10-12,HCAQ,"I am ready for the big event! @4Catalyzer  $BFLY / @ButterflyNetInc.  $QSI / #DNA @Quantum_Si  $HCAQ üîú $HYPR / @Hyperfine ""To change the World start with those you love &amp; expand your heart to help those that need you the most."" @JMRothberg I should wear my Keith Haring sneakers?  https://t.co/XMDL5BGxdb",0.945,Positive
184,2021-10-12,HYPR,"I am ready for the big event! @4Catalyzer  $BFLY / @ButterflyNetInc.  $QSI / #DNA @Quantum_Si  $HCAQ üîú $HYPR / @Hyperfine ""To change the World start with those you love &amp; expand your heart to help those that need you the most."" @JMRothberg I should wear my Keith Haring sneakers?  https://t.co/XMDL5BGxdb",0.945,Positive
185,2021-10-12,SHIB,#OT What is $SHIB Shiba Inu coin market cap? around $11.4 billion Shiba market cap the total value of all tokens in circulation was around $11.4 billion at 9:30 a.m. ET.  It has a circulating supply of 500 Trillion SHIB coins $ a total supply of 1 Quadrillion #KnowWhatYouOwn  https://t.co/U2Mcvayakg,0.4005,Neutral
186,2021-10-12,UTZ,"You all know I had to buy more $UTZ / @UtzSnacks  here. I already have 1% more stock from my dividend reinvestments. Thx @SpacBobby for the heads up, I do not just buy #NFTs now. Sold some #PUTs in my trading account too. Not much premium but I actually want them chips.  https://t.co/hynnqTXb17",0.296,Neutral
187,2021-10-12,SEAH,$SEAH / @Betway / @epgrubman,0.0,Neutral
188,2021-10-11,SOFI,If you see what happened with $SOFI you will know how shady the big guys are.  All the bashing to shake out all the weak.  Once they have their positions they pimp the shit out of it! Now big PT's and the whole @CNBC crew wearing their pom poms today. Have faith in your #DD!  https://t.co/hd36BUNhtG,0.5837,Positive
189,2021-10-11,HYLN,$HYLN / @hyliion  Did I miss something?  https://t.co/EuyAumplXw,-0.1531,Neutral
190,2021-10-11,SOFI,How about that $SOFI?  https://t.co/RqVeTb28Gd,0.0,Neutral
191,2021-10-11,IONQ,"Just rolled 1/2 my Short $IONQ Nov $10's #Calls Sold the Jan $12.50's flat. Cost me $0 &amp; Now I do not need to worry about those being taken from me if / when $IONQ trades above $10 by Nov expiration. This is ""NOT SHORT"" I own the common stock. Don't @ me if you don't understand.",0.3412,Neutral
192,2021-10-11,IONQ,"Just rolled 1/2 my Short $IONQ Nov $10's #Calls Sold the Jan $12.50's flat. Cost me $0 &amp; Now I do not need to worry about those being taken from me if / when $IONQ trades above $10 by Nov expiration. This is ""NOT SHORT"" I own the common stock. Don't @ me if you don't understand.",0.3412,Neutral
193,2021-10-11,LCID,"@mmpithawalla @LucidMotors Did it know the way there? I‚Äôm old, dad joke.  https://t.co/gWqlGhIyWb $LCID  https://t.co/5i5FKaQKYf",0.296,Neutral
194,2021-10-11,SOFI,$SOFI thx @manpreetkailon üëä,0.3612,Neutral
195,2021-10-11,IONQ,$IONQ,0.0,Neutral
196,2021-10-11,LCID,$LCID,0.0,Neutral
197,2021-10-11,LCID,Wonder what car these go on?  We know it‚Äôs not a #lucidmotors yet. $LCID  https://t.co/Pfm0f9PNhC,0.0,Neutral
198,2021-10-11,LCID,$LCID Would the SEC consider this financial advice? Is this person a registered representative? They tagged @gurgavin and @TomCruise too. #fascinating would you get license plates / tags of your favorite stock symbols? (F DA SEC) is their other car üöó #lol #kidding,0.8818,Positive
199,2021-10-11,IONQ,Quantum Computing Definition for all you $IONQ investors who were wondering.   https://t.co/qFdEB9fevF,0.0,Neutral
200,2021-10-11,LCID,@VR46_Thegoat We just started hearing of this. Look at the $LCID deal and how much time that took.,0.0,Neutral
201,2021-10-11,SOL,I was just saying it would be a perfect #SPAC candidate. @opensea could be a growth monster IMO. Or cheaper $SOL version/  https://t.co/XVuFKCEykk @SolSeaNFT,0.743,Positive
202,2021-10-10,DNA,@SPACpicks The @ARKInvest / @CathieDWood funds have been buying $DNA since it was $SRNG. @Ginkgo is having an event the end of this month. I‚Äôm going and she is a keynote speaker.  https://t.co/CeEqeluWN3,0.0,Neutral
203,2021-10-10,SRNG,@SPACpicks The @ARKInvest / @CathieDWood funds have been buying $DNA since it was $SRNG. @Ginkgo is having an event the end of this month. I‚Äôm going and she is a keynote speaker.  https://t.co/CeEqeluWN3,0.0,Neutral
204,2021-10-10,IONQ,$IONQ,0.0,Neutral
205,2021-10-10,LCID,Get a behind-the-wheel look at Lucid Air's first test drives. $LCID  https://t.co/Fkw96c95KQ,0.0,Neutral
206,2021-10-10,RMO,3 Electric Vehicle Battery Stocks Wall Street Predicts Will Rally by More Than 70% o e is $RMO ‚Å¶@romeopowerinc‚Å©   https://t.co/Mdr70lLL0C,0.0,Neutral
207,2021-10-09,SOFI,$SOFI @sofi Called Sophie on @BlackBoxStocks @thuhkang @MelStone31 @mchaudhry82 @optionsmafia1 I‚Äôm #Long @anthonynoto &amp; Co.,0.0,Neutral
208,2021-10-09,IONQ,Thx @Mindwalletbody $IONQ,0.3612,Neutral
209,2021-10-09,IONQ,$IONQ,0.0,Neutral
210,2021-10-09,LCID,Kinda funny. Don‚Äôt $LCID @ me!,0.4402,Neutral
211,2021-10-09,CELH,@spac_zilla @JonahLupton @FinTwitConf @unusual_whales @BlackBoxStocks @TrendSpider @LuptonCapital He drinks CELSIUS Energy Drinks $CELH / @CelsiusOfficial  https://t.co/5vemhl86XS,0.2732,Neutral
212,2021-10-09,DM,We / I like @DesktopMetal $DM,0.3612,Neutral
213,2021-10-09,IONQ,I like to see @super_trades is in $IONQ with some of us. @IonQ_Inc #QuantumComputing üëä  https://t.co/T6rSd5JBCp,0.3612,Neutral
214,2021-10-09,SPY,@DonnieStocks @yatesinvesting @ThetaWarrior @SpacBobby @JonahLupton @DJohnson_CPA @thuhkang @optionsmafia1 @super_trades @paulspicks2020 @SpacWarrants @SPACtrack I have a guy who announces $SPY highs and lows of the day now.,-0.2023,Neutral
215,2021-10-09,UTZ,@gurgavin @chriskatje @STORYInvestors @jonnajarian @jannarone @spac_insider I have the snacks @UtzSnacks would sponsor this for sure $UTZ,0.3182,Neutral
216,2021-10-09,GGPI,@Trader__Joel @aurora_inno @chris_urmson @richard_tame1 I own the units of $GGPI,0.0,Neutral
217,2021-10-09,CLOV,$CLOV ICYMI,0.0,Neutral
218,2021-10-09,LCID,$LCID / @LucidMotors / 424(b) SEC Filing   https://t.co/bJvpyzHyM8 Prospectus Supplement No. 4  https://t.co/BazCQa6Srb,0.0,Neutral
219,2021-10-09,SEAH,$SEAH,0.0,Neutral
220,2021-10-09,SHIB,#OT. I hope everyone makes money! Look at this $SHIB chart. The RSI is 94 and climbing. My motto is you can always buy it back. My buddies is ‚ÄúThey always come home‚Äù. Be smart. @WeLikeNFTs @ThetaWarrior #shibainu #ShibaArmy #ShibaSwap  https://t.co/RQQydEuSik,0.7088,Positive
221,2021-10-17,SEAH,"@BigcountryI Yeah correct, missed it.   04/26 $SEAH",0.0,Neutral
222,2021-10-17,TPGY,üì¢Oldest definitive agreements without a merger meeting:  $TPGY - EVBox $FST - Fertitta $ESSC - JHD $NSTB - Apex Clearing $VMAC - Anghami $FTCV - eToro $TDAC - Lottery $ALAC - SolarMax $AGC - Grab $DBDR - CompoSecure $HCIC - Plus $AUS - Wynn $AURC  $SCVX $FORE $DCRN $PACX $VOSO  https://t.co/V5RRcEqmcf,0.2732,Neutral
223,2021-10-17,FST,üì¢Oldest definitive agreements without a merger meeting:  $TPGY - EVBox $FST - Fertitta $ESSC - JHD $NSTB - Apex Clearing $VMAC - Anghami $FTCV - eToro $TDAC - Lottery $ALAC - SolarMax $AGC - Grab $DBDR - CompoSecure $HCIC - Plus $AUS - Wynn $AURC  $SCVX $FORE $DCRN $PACX $VOSO  https://t.co/V5RRcEqmcf,0.2732,Neutral
224,2021-10-17,ESSC,üì¢Oldest definitive agreements without a merger meeting:  $TPGY - EVBox $FST - Fertitta $ESSC - JHD $NSTB - Apex Clearing $VMAC - Anghami $FTCV - eToro $TDAC - Lottery $ALAC - SolarMax $AGC - Grab $DBDR - CompoSecure $HCIC - Plus $AUS - Wynn $AURC  $SCVX $FORE $DCRN $PACX $VOSO  https://t.co/V5RRcEqmcf,0.2732,Neutral
225,2021-10-17,NSTB,üì¢Oldest definitive agreements without a merger meeting:  $TPGY - EVBox $FST - Fertitta $ESSC - JHD $NSTB - Apex Clearing $VMAC - Anghami $FTCV - eToro $TDAC - Lottery $ALAC - SolarMax $AGC - Grab $DBDR - CompoSecure $HCIC - Plus $AUS - Wynn $AURC  $SCVX $FORE $DCRN $PACX $VOSO  https://t.co/V5RRcEqmcf,0.2732,Neutral
226,2021-10-17,VMAC,üì¢Oldest definitive agreements without a merger meeting:  $TPGY - EVBox $FST - Fertitta $ESSC - JHD $NSTB - Apex Clearing $VMAC - Anghami $FTCV - eToro $TDAC - Lottery $ALAC - SolarMax $AGC - Grab $DBDR - CompoSecure $HCIC - Plus $AUS - Wynn $AURC  $SCVX $FORE $DCRN $PACX $VOSO  https://t.co/V5RRcEqmcf,0.2732,Neutral
227,2021-10-17,FTCV,üì¢Oldest definitive agreements without a merger meeting:  $TPGY - EVBox $FST - Fertitta $ESSC - JHD $NSTB - Apex Clearing $VMAC - Anghami $FTCV - eToro $TDAC - Lottery $ALAC - SolarMax $AGC - Grab $DBDR - CompoSecure $HCIC - Plus $AUS - Wynn $AURC  $SCVX $FORE $DCRN $PACX $VOSO  https://t.co/V5RRcEqmcf,0.2732,Neutral
228,2021-10-17,TDAC,üì¢Oldest definitive agreements without a merger meeting:  $TPGY - EVBox $FST - Fertitta $ESSC - JHD $NSTB - Apex Clearing $VMAC - Anghami $FTCV - eToro $TDAC - Lottery $ALAC - SolarMax $AGC - Grab $DBDR - CompoSecure $HCIC - Plus $AUS - Wynn $AURC  $SCVX $FORE $DCRN $PACX $VOSO  https://t.co/V5RRcEqmcf,0.2732,Neutral
229,2021-10-17,ALAC,üì¢Oldest definitive agreements without a merger meeting:  $TPGY - EVBox $FST - Fertitta $ESSC - JHD $NSTB - Apex Clearing $VMAC - Anghami $FTCV - eToro $TDAC - Lottery $ALAC - SolarMax $AGC - Grab $DBDR - CompoSecure $HCIC - Plus $AUS - Wynn $AURC  $SCVX $FORE $DCRN $PACX $VOSO  https://t.co/V5RRcEqmcf,0.2732,Neutral
230,2021-10-17,AGC,üì¢Oldest definitive agreements without a merger meeting:  $TPGY - EVBox $FST - Fertitta $ESSC - JHD $NSTB - Apex Clearing $VMAC - Anghami $FTCV - eToro $TDAC - Lottery $ALAC - SolarMax $AGC - Grab $DBDR - CompoSecure $HCIC - Plus $AUS - Wynn $AURC  $SCVX $FORE $DCRN $PACX $VOSO  https://t.co/V5RRcEqmcf,0.2732,Neutral
231,2021-10-17,DBDR,üì¢Oldest definitive agreements without a merger meeting:  $TPGY - EVBox $FST - Fertitta $ESSC - JHD $NSTB - Apex Clearing $VMAC - Anghami $FTCV - eToro $TDAC - Lottery $ALAC - SolarMax $AGC - Grab $DBDR - CompoSecure $HCIC - Plus $AUS - Wynn $AURC  $SCVX $FORE $DCRN $PACX $VOSO  https://t.co/V5RRcEqmcf,0.2732,Neutral
232,2021-10-17,HCIC,üì¢Oldest definitive agreements without a merger meeting:  $TPGY - EVBox $FST - Fertitta $ESSC - JHD $NSTB - Apex Clearing $VMAC - Anghami $FTCV - eToro $TDAC - Lottery $ALAC - SolarMax $AGC - Grab $DBDR - CompoSecure $HCIC - Plus $AUS - Wynn $AURC  $SCVX $FORE $DCRN $PACX $VOSO  https://t.co/V5RRcEqmcf,0.2732,Neutral
233,2021-10-17,AUS,üì¢Oldest definitive agreements without a merger meeting:  $TPGY - EVBox $FST - Fertitta $ESSC - JHD $NSTB - Apex Clearing $VMAC - Anghami $FTCV - eToro $TDAC - Lottery $ALAC - SolarMax $AGC - Grab $DBDR - CompoSecure $HCIC - Plus $AUS - Wynn $AURC  $SCVX $FORE $DCRN $PACX $VOSO  https://t.co/V5RRcEqmcf,0.2732,Neutral
234,2021-10-17,AURC,üì¢Oldest definitive agreements without a merger meeting:  $TPGY - EVBox $FST - Fertitta $ESSC - JHD $NSTB - Apex Clearing $VMAC - Anghami $FTCV - eToro $TDAC - Lottery $ALAC - SolarMax $AGC - Grab $DBDR - CompoSecure $HCIC - Plus $AUS - Wynn $AURC  $SCVX $FORE $DCRN $PACX $VOSO  https://t.co/V5RRcEqmcf,0.2732,Neutral
235,2021-10-17,SCVX,üì¢Oldest definitive agreements without a merger meeting:  $TPGY - EVBox $FST - Fertitta $ESSC - JHD $NSTB - Apex Clearing $VMAC - Anghami $FTCV - eToro $TDAC - Lottery $ALAC - SolarMax $AGC - Grab $DBDR - CompoSecure $HCIC - Plus $AUS - Wynn $AURC  $SCVX $FORE $DCRN $PACX $VOSO  https://t.co/V5RRcEqmcf,0.2732,Neutral
236,2021-10-17,FORE,üì¢Oldest definitive agreements without a merger meeting:  $TPGY - EVBox $FST - Fertitta $ESSC - JHD $NSTB - Apex Clearing $VMAC - Anghami $FTCV - eToro $TDAC - Lottery $ALAC - SolarMax $AGC - Grab $DBDR - CompoSecure $HCIC - Plus $AUS - Wynn $AURC  $SCVX $FORE $DCRN $PACX $VOSO  https://t.co/V5RRcEqmcf,0.2732,Neutral
237,2021-10-17,DCRN,üì¢Oldest definitive agreements without a merger meeting:  $TPGY - EVBox $FST - Fertitta $ESSC - JHD $NSTB - Apex Clearing $VMAC - Anghami $FTCV - eToro $TDAC - Lottery $ALAC - SolarMax $AGC - Grab $DBDR - CompoSecure $HCIC - Plus $AUS - Wynn $AURC  $SCVX $FORE $DCRN $PACX $VOSO  https://t.co/V5RRcEqmcf,0.2732,Neutral
238,2021-10-17,PACX,üì¢Oldest definitive agreements without a merger meeting:  $TPGY - EVBox $FST - Fertitta $ESSC - JHD $NSTB - Apex Clearing $VMAC - Anghami $FTCV - eToro $TDAC - Lottery $ALAC - SolarMax $AGC - Grab $DBDR - CompoSecure $HCIC - Plus $AUS - Wynn $AURC  $SCVX $FORE $DCRN $PACX $VOSO  https://t.co/V5RRcEqmcf,0.2732,Neutral
239,2021-10-17,VOSO,üì¢Oldest definitive agreements without a merger meeting:  $TPGY - EVBox $FST - Fertitta $ESSC - JHD $NSTB - Apex Clearing $VMAC - Anghami $FTCV - eToro $TDAC - Lottery $ALAC - SolarMax $AGC - Grab $DBDR - CompoSecure $HCIC - Plus $AUS - Wynn $AURC  $SCVX $FORE $DCRN $PACX $VOSO  https://t.co/V5RRcEqmcf,0.2732,Neutral
240,2021-10-17,IS,$IS +36%  $LFG +35% $FREY +30% $ISOS +30% $RNW +29% $SOFI +29% $JSPR +26% $HIPO +23% $RSI +23% $DNA +21% $TWNK +20% $UWMC +19% $MGY +8% $SPIR +8% $FOA +4% $GENI -1% $DKNG -14% $HYLN -33%   https://t.co/9P8QG5VjuT,0.0,Neutral
241,2021-10-17,LFG,$IS +36%  $LFG +35% $FREY +30% $ISOS +30% $RNW +29% $SOFI +29% $JSPR +26% $HIPO +23% $RSI +23% $DNA +21% $TWNK +20% $UWMC +19% $MGY +8% $SPIR +8% $FOA +4% $GENI -1% $DKNG -14% $HYLN -33%   https://t.co/9P8QG5VjuT,0.0,Neutral
242,2021-10-17,FREY,$IS +36%  $LFG +35% $FREY +30% $ISOS +30% $RNW +29% $SOFI +29% $JSPR +26% $HIPO +23% $RSI +23% $DNA +21% $TWNK +20% $UWMC +19% $MGY +8% $SPIR +8% $FOA +4% $GENI -1% $DKNG -14% $HYLN -33%   https://t.co/9P8QG5VjuT,0.0,Neutral
243,2021-10-17,ISOS,$IS +36%  $LFG +35% $FREY +30% $ISOS +30% $RNW +29% $SOFI +29% $JSPR +26% $HIPO +23% $RSI +23% $DNA +21% $TWNK +20% $UWMC +19% $MGY +8% $SPIR +8% $FOA +4% $GENI -1% $DKNG -14% $HYLN -33%   https://t.co/9P8QG5VjuT,0.0,Neutral
244,2021-10-17,RNW,$IS +36%  $LFG +35% $FREY +30% $ISOS +30% $RNW +29% $SOFI +29% $JSPR +26% $HIPO +23% $RSI +23% $DNA +21% $TWNK +20% $UWMC +19% $MGY +8% $SPIR +8% $FOA +4% $GENI -1% $DKNG -14% $HYLN -33%   https://t.co/9P8QG5VjuT,0.0,Neutral
245,2021-10-17,SOFI,$IS +36%  $LFG +35% $FREY +30% $ISOS +30% $RNW +29% $SOFI +29% $JSPR +26% $HIPO +23% $RSI +23% $DNA +21% $TWNK +20% $UWMC +19% $MGY +8% $SPIR +8% $FOA +4% $GENI -1% $DKNG -14% $HYLN -33%   https://t.co/9P8QG5VjuT,0.0,Neutral
246,2021-10-17,JSPR,$IS +36%  $LFG +35% $FREY +30% $ISOS +30% $RNW +29% $SOFI +29% $JSPR +26% $HIPO +23% $RSI +23% $DNA +21% $TWNK +20% $UWMC +19% $MGY +8% $SPIR +8% $FOA +4% $GENI -1% $DKNG -14% $HYLN -33%   https://t.co/9P8QG5VjuT,0.0,Neutral
247,2021-10-17,HIPO,$IS +36%  $LFG +35% $FREY +30% $ISOS +30% $RNW +29% $SOFI +29% $JSPR +26% $HIPO +23% $RSI +23% $DNA +21% $TWNK +20% $UWMC +19% $MGY +8% $SPIR +8% $FOA +4% $GENI -1% $DKNG -14% $HYLN -33%   https://t.co/9P8QG5VjuT,0.0,Neutral
248,2021-10-17,RSI,$IS +36%  $LFG +35% $FREY +30% $ISOS +30% $RNW +29% $SOFI +29% $JSPR +26% $HIPO +23% $RSI +23% $DNA +21% $TWNK +20% $UWMC +19% $MGY +8% $SPIR +8% $FOA +4% $GENI -1% $DKNG -14% $HYLN -33%   https://t.co/9P8QG5VjuT,0.0,Neutral
249,2021-10-17,DNA,$IS +36%  $LFG +35% $FREY +30% $ISOS +30% $RNW +29% $SOFI +29% $JSPR +26% $HIPO +23% $RSI +23% $DNA +21% $TWNK +20% $UWMC +19% $MGY +8% $SPIR +8% $FOA +4% $GENI -1% $DKNG -14% $HYLN -33%   https://t.co/9P8QG5VjuT,0.0,Neutral
250,2021-10-17,TWNK,$IS +36%  $LFG +35% $FREY +30% $ISOS +30% $RNW +29% $SOFI +29% $JSPR +26% $HIPO +23% $RSI +23% $DNA +21% $TWNK +20% $UWMC +19% $MGY +8% $SPIR +8% $FOA +4% $GENI -1% $DKNG -14% $HYLN -33%   https://t.co/9P8QG5VjuT,0.0,Neutral
251,2021-10-17,UWMC,$IS +36%  $LFG +35% $FREY +30% $ISOS +30% $RNW +29% $SOFI +29% $JSPR +26% $HIPO +23% $RSI +23% $DNA +21% $TWNK +20% $UWMC +19% $MGY +8% $SPIR +8% $FOA +4% $GENI -1% $DKNG -14% $HYLN -33%   https://t.co/9P8QG5VjuT,0.0,Neutral
252,2021-10-17,MGY,$IS +36%  $LFG +35% $FREY +30% $ISOS +30% $RNW +29% $SOFI +29% $JSPR +26% $HIPO +23% $RSI +23% $DNA +21% $TWNK +20% $UWMC +19% $MGY +8% $SPIR +8% $FOA +4% $GENI -1% $DKNG -14% $HYLN -33%   https://t.co/9P8QG5VjuT,0.0,Neutral
253,2021-10-17,SPIR,$IS +36%  $LFG +35% $FREY +30% $ISOS +30% $RNW +29% $SOFI +29% $JSPR +26% $HIPO +23% $RSI +23% $DNA +21% $TWNK +20% $UWMC +19% $MGY +8% $SPIR +8% $FOA +4% $GENI -1% $DKNG -14% $HYLN -33%   https://t.co/9P8QG5VjuT,0.0,Neutral
254,2021-10-17,FOA,$IS +36%  $LFG +35% $FREY +30% $ISOS +30% $RNW +29% $SOFI +29% $JSPR +26% $HIPO +23% $RSI +23% $DNA +21% $TWNK +20% $UWMC +19% $MGY +8% $SPIR +8% $FOA +4% $GENI -1% $DKNG -14% $HYLN -33%   https://t.co/9P8QG5VjuT,0.0,Neutral
255,2021-10-17,GENI,$IS +36%  $LFG +35% $FREY +30% $ISOS +30% $RNW +29% $SOFI +29% $JSPR +26% $HIPO +23% $RSI +23% $DNA +21% $TWNK +20% $UWMC +19% $MGY +8% $SPIR +8% $FOA +4% $GENI -1% $DKNG -14% $HYLN -33%   https://t.co/9P8QG5VjuT,0.0,Neutral
256,2021-10-17,DKNG,$IS +36%  $LFG +35% $FREY +30% $ISOS +30% $RNW +29% $SOFI +29% $JSPR +26% $HIPO +23% $RSI +23% $DNA +21% $TWNK +20% $UWMC +19% $MGY +8% $SPIR +8% $FOA +4% $GENI -1% $DKNG -14% $HYLN -33%   https://t.co/9P8QG5VjuT,0.0,Neutral
257,2021-10-17,HYLN,$IS +36%  $LFG +35% $FREY +30% $ISOS +30% $RNW +29% $SOFI +29% $JSPR +26% $HIPO +23% $RSI +23% $DNA +21% $TWNK +20% $UWMC +19% $MGY +8% $SPIR +8% $FOA +4% $GENI -1% $DKNG -14% $HYLN -33%   https://t.co/9P8QG5VjuT,0.0,Neutral
258,2021-10-17,RCOR,üì¢Weekly Price Target Updates 10/11-10/15  $RCOR +170% (upside) $KORE +164% $STRC +145% $ARBE +138% $XOS +114% $CRXT +86% $MACQ +81% $SRZN +72% $LFG +58% $EFTR +54% $XPDI +49% $LEV +49% $OPAD +45% $NRDY 45% $DKNG 37%  Filter by date &amp; analyst firm:  https://t.co/9P8QG5VjuT  https://t.co/VV7Dl20XkW,0.0,Neutral
259,2021-10-17,KORE,üì¢Weekly Price Target Updates 10/11-10/15  $RCOR +170% (upside) $KORE +164% $STRC +145% $ARBE +138% $XOS +114% $CRXT +86% $MACQ +81% $SRZN +72% $LFG +58% $EFTR +54% $XPDI +49% $LEV +49% $OPAD +45% $NRDY 45% $DKNG 37%  Filter by date &amp; analyst firm:  https://t.co/9P8QG5VjuT  https://t.co/VV7Dl20XkW,0.0,Neutral
260,2021-10-17,STRC,üì¢Weekly Price Target Updates 10/11-10/15  $RCOR +170% (upside) $KORE +164% $STRC +145% $ARBE +138% $XOS +114% $CRXT +86% $MACQ +81% $SRZN +72% $LFG +58% $EFTR +54% $XPDI +49% $LEV +49% $OPAD +45% $NRDY 45% $DKNG 37%  Filter by date &amp; analyst firm:  https://t.co/9P8QG5VjuT  https://t.co/VV7Dl20XkW,0.0,Neutral
261,2021-10-17,ARBE,üì¢Weekly Price Target Updates 10/11-10/15  $RCOR +170% (upside) $KORE +164% $STRC +145% $ARBE +138% $XOS +114% $CRXT +86% $MACQ +81% $SRZN +72% $LFG +58% $EFTR +54% $XPDI +49% $LEV +49% $OPAD +45% $NRDY 45% $DKNG 37%  Filter by date &amp; analyst firm:  https://t.co/9P8QG5VjuT  https://t.co/VV7Dl20XkW,0.0,Neutral
262,2021-10-17,XOS,üì¢Weekly Price Target Updates 10/11-10/15  $RCOR +170% (upside) $KORE +164% $STRC +145% $ARBE +138% $XOS +114% $CRXT +86% $MACQ +81% $SRZN +72% $LFG +58% $EFTR +54% $XPDI +49% $LEV +49% $OPAD +45% $NRDY 45% $DKNG 37%  Filter by date &amp; analyst firm:  https://t.co/9P8QG5VjuT  https://t.co/VV7Dl20XkW,0.0,Neutral
263,2021-10-17,CRXT,üì¢Weekly Price Target Updates 10/11-10/15  $RCOR +170% (upside) $KORE +164% $STRC +145% $ARBE +138% $XOS +114% $CRXT +86% $MACQ +81% $SRZN +72% $LFG +58% $EFTR +54% $XPDI +49% $LEV +49% $OPAD +45% $NRDY 45% $DKNG 37%  Filter by date &amp; analyst firm:  https://t.co/9P8QG5VjuT  https://t.co/VV7Dl20XkW,0.0,Neutral
264,2021-10-17,MACQ,üì¢Weekly Price Target Updates 10/11-10/15  $RCOR +170% (upside) $KORE +164% $STRC +145% $ARBE +138% $XOS +114% $CRXT +86% $MACQ +81% $SRZN +72% $LFG +58% $EFTR +54% $XPDI +49% $LEV +49% $OPAD +45% $NRDY 45% $DKNG 37%  Filter by date &amp; analyst firm:  https://t.co/9P8QG5VjuT  https://t.co/VV7Dl20XkW,0.0,Neutral
265,2021-10-17,SRZN,üì¢Weekly Price Target Updates 10/11-10/15  $RCOR +170% (upside) $KORE +164% $STRC +145% $ARBE +138% $XOS +114% $CRXT +86% $MACQ +81% $SRZN +72% $LFG +58% $EFTR +54% $XPDI +49% $LEV +49% $OPAD +45% $NRDY 45% $DKNG 37%  Filter by date &amp; analyst firm:  https://t.co/9P8QG5VjuT  https://t.co/VV7Dl20XkW,0.0,Neutral
266,2021-10-17,LFG,üì¢Weekly Price Target Updates 10/11-10/15  $RCOR +170% (upside) $KORE +164% $STRC +145% $ARBE +138% $XOS +114% $CRXT +86% $MACQ +81% $SRZN +72% $LFG +58% $EFTR +54% $XPDI +49% $LEV +49% $OPAD +45% $NRDY 45% $DKNG 37%  Filter by date &amp; analyst firm:  https://t.co/9P8QG5VjuT  https://t.co/VV7Dl20XkW,0.0,Neutral
267,2021-10-17,EFTR,üì¢Weekly Price Target Updates 10/11-10/15  $RCOR +170% (upside) $KORE +164% $STRC +145% $ARBE +138% $XOS +114% $CRXT +86% $MACQ +81% $SRZN +72% $LFG +58% $EFTR +54% $XPDI +49% $LEV +49% $OPAD +45% $NRDY 45% $DKNG 37%  Filter by date &amp; analyst firm:  https://t.co/9P8QG5VjuT  https://t.co/VV7Dl20XkW,0.0,Neutral
268,2021-10-17,XPDI,üì¢Weekly Price Target Updates 10/11-10/15  $RCOR +170% (upside) $KORE +164% $STRC +145% $ARBE +138% $XOS +114% $CRXT +86% $MACQ +81% $SRZN +72% $LFG +58% $EFTR +54% $XPDI +49% $LEV +49% $OPAD +45% $NRDY 45% $DKNG 37%  Filter by date &amp; analyst firm:  https://t.co/9P8QG5VjuT  https://t.co/VV7Dl20XkW,0.0,Neutral
269,2021-10-17,LEV,üì¢Weekly Price Target Updates 10/11-10/15  $RCOR +170% (upside) $KORE +164% $STRC +145% $ARBE +138% $XOS +114% $CRXT +86% $MACQ +81% $SRZN +72% $LFG +58% $EFTR +54% $XPDI +49% $LEV +49% $OPAD +45% $NRDY 45% $DKNG 37%  Filter by date &amp; analyst firm:  https://t.co/9P8QG5VjuT  https://t.co/VV7Dl20XkW,0.0,Neutral
270,2021-10-17,OPAD,üì¢Weekly Price Target Updates 10/11-10/15  $RCOR +170% (upside) $KORE +164% $STRC +145% $ARBE +138% $XOS +114% $CRXT +86% $MACQ +81% $SRZN +72% $LFG +58% $EFTR +54% $XPDI +49% $LEV +49% $OPAD +45% $NRDY 45% $DKNG 37%  Filter by date &amp; analyst firm:  https://t.co/9P8QG5VjuT  https://t.co/VV7Dl20XkW,0.0,Neutral
271,2021-10-17,NRDY,üì¢Weekly Price Target Updates 10/11-10/15  $RCOR +170% (upside) $KORE +164% $STRC +145% $ARBE +138% $XOS +114% $CRXT +86% $MACQ +81% $SRZN +72% $LFG +58% $EFTR +54% $XPDI +49% $LEV +49% $OPAD +45% $NRDY 45% $DKNG 37%  Filter by date &amp; analyst firm:  https://t.co/9P8QG5VjuT  https://t.co/VV7Dl20XkW,0.0,Neutral
272,2021-10-17,DKNG,üì¢Weekly Price Target Updates 10/11-10/15  $RCOR +170% (upside) $KORE +164% $STRC +145% $ARBE +138% $XOS +114% $CRXT +86% $MACQ +81% $SRZN +72% $LFG +58% $EFTR +54% $XPDI +49% $LEV +49% $OPAD +45% $NRDY 45% $DKNG 37%  Filter by date &amp; analyst firm:  https://t.co/9P8QG5VjuT  https://t.co/VV7Dl20XkW,0.0,Neutral
273,2021-10-16,RBOT,$RBOT S-1 filed 10/15    https://t.co/wMv5Ry3Muo,0.0,Neutral
274,2021-10-16,NRDY,üì¢Recent deSPAC S-1 filings  $NRDY S-1 filed 10/15 $ML S-1 filed 10/14   https://t.co/hCgj7Fwt1b  https://t.co/WKwS6hEwii,0.0,Neutral
275,2021-10-16,ML,üì¢Recent deSPAC S-1 filings  $NRDY S-1 filed 10/15 $ML S-1 filed 10/14   https://t.co/hCgj7Fwt1b  https://t.co/WKwS6hEwii,0.0,Neutral
276,2021-10-15,VIH,"üì¢ $VIH - Bakkt redemption   A total of 8,452,042 $VIH Class A Ordinary Shares were presented for redemption in connection with the Business Combination  üìå42% of the shares redeemed",0.6908,Positive
277,2021-10-15,VIH,"üì¢ $VIH - Bakkt redemption   A total of 8,452,042 $VIH Class A Ordinary Shares were presented for redemption in connection with the Business Combination  üìå42% of the shares redeemed",0.6908,Positive
278,2021-10-15,MOTN,"üì¢ $MOTN - DocGo investor update   üìåDocGo raises full-year 2021 revenue to $260M, from $170M.  The company is also increasing its prior full-year 2021 Adjusted EBITDA guidance from $6 million, to $10 million   https://t.co/deULYBWSoO",0.0,Neutral
279,2021-10-15,VIH,"üèÅ $VIH - Bakkt  ‚úÖVPC Impact Acquisition Holdings Shareholders Approve Business Combination with Bakkt  $VIH üîú $BKKT üóìÔ∏èOctober 18, 2021   https://t.co/O1sSZAiKoF",0.0,Neutral
280,2021-10-15,VIH,"üèÅ $VIH - Bakkt  ‚úÖVPC Impact Acquisition Holdings Shareholders Approve Business Combination with Bakkt  $VIH üîú $BKKT üóìÔ∏èOctober 18, 2021   https://t.co/O1sSZAiKoF",0.0,Neutral
281,2021-10-15,BKKT,"üèÅ $VIH - Bakkt  ‚úÖVPC Impact Acquisition Holdings Shareholders Approve Business Combination with Bakkt  $VIH üîú $BKKT üóìÔ∏èOctober 18, 2021   https://t.co/O1sSZAiKoF",0.0,Neutral
282,2021-10-15,CCAC,"üì¢ $CCAC - Quanergy merger meeting  üóìÔ∏èNovember 18, 2021   https://t.co/1qz7KTmaL6",0.0,Neutral
283,2021-10-15,BENE,"$BENE in-talks Ecombustible, a maker of hydrogen-based fuel  üíµValued $800M-$1B    https://t.co/sE7JXJO6PF",0.0,Neutral
284,2021-10-14,LEGO,üèÅ $LEGO - Algoma Steel  ‚úÖ $LEGO Receives Stockholder Approval for its Business Combination with Algoma Steel  üóìÔ∏èCurrently the parties anticipate closing the Merger during the week of October 18th.    $LEGO üîú $ASTL    https://t.co/XLEkJnE1dt,0.7003,Positive
285,2021-10-14,LEGO,üèÅ $LEGO - Algoma Steel  ‚úÖ $LEGO Receives Stockholder Approval for its Business Combination with Algoma Steel  üóìÔ∏èCurrently the parties anticipate closing the Merger during the week of October 18th.    $LEGO üîú $ASTL    https://t.co/XLEkJnE1dt,0.7003,Positive
286,2021-10-14,LEGO,üèÅ $LEGO - Algoma Steel  ‚úÖ $LEGO Receives Stockholder Approval for its Business Combination with Algoma Steel  üóìÔ∏èCurrently the parties anticipate closing the Merger during the week of October 18th.    $LEGO üîú $ASTL    https://t.co/XLEkJnE1dt,0.7003,Positive
287,2021-10-14,ASTL,üèÅ $LEGO - Algoma Steel  ‚úÖ $LEGO Receives Stockholder Approval for its Business Combination with Algoma Steel  üóìÔ∏èCurrently the parties anticipate closing the Merger during the week of October 18th.    $LEGO üîú $ASTL    https://t.co/XLEkJnE1dt,0.7003,Positive
288,2021-10-14,HZAC,üì¢ $HZAC ü§ù $DKNG   $HZAC Announces PIPE Investment by DraftKings  $DKNG has the option to sell its Vivid Seats shares to Eldridge on the business day following the first anniversary of the business combination closing at price of $9.77 per share.   https://t.co/5kxmGmUsRg,0.5267,Positive
289,2021-10-14,DKNG,üì¢ $HZAC ü§ù $DKNG   $HZAC Announces PIPE Investment by DraftKings  $DKNG has the option to sell its Vivid Seats shares to Eldridge on the business day following the first anniversary of the business combination closing at price of $9.77 per share.   https://t.co/5kxmGmUsRg,0.5267,Positive
290,2021-10-14,HZAC,üì¢ $HZAC ü§ù $DKNG   $HZAC Announces PIPE Investment by DraftKings  $DKNG has the option to sell its Vivid Seats shares to Eldridge on the business day following the first anniversary of the business combination closing at price of $9.77 per share.   https://t.co/5kxmGmUsRg,0.5267,Positive
291,2021-10-14,DKNG,üì¢ $HZAC ü§ù $DKNG   $HZAC Announces PIPE Investment by DraftKings  $DKNG has the option to sell its Vivid Seats shares to Eldridge on the business day following the first anniversary of the business combination closing at price of $9.77 per share.   https://t.co/5kxmGmUsRg,0.5267,Positive
292,2021-10-12,DUNE,"üì¢ $DUNE - TradeZero   TradeZero, a Next-Generation, Active Trading Platform, to Become a Publicly Traded Company Through a Business Combination With $DUNE  TradeZero Expects to Generate $114M of Revenue and $48M of Adjusted Net Income in 2022  üíµEV $556M   https://t.co/W6Tlo7TQrM",0.4019,Neutral
293,2021-10-12,DUNE,"üì¢ $DUNE - TradeZero   TradeZero, a Next-Generation, Active Trading Platform, to Become a Publicly Traded Company Through a Business Combination With $DUNE  TradeZero Expects to Generate $114M of Revenue and $48M of Adjusted Net Income in 2022  üíµEV $556M   https://t.co/W6Tlo7TQrM",0.4019,Neutral
294,2021-10-12,RKLB,"üì¢ $RKLB   Rocket Lab Acquires Space Software Company Advanced Solutions, which provides space software, mission simulation and test systems, and Guidance, Navigation, and Control (GNC) solutions.  üíµDeal: $40M plus the potential for an additional $5.5M   https://t.co/zVLV6T3ugS",0.5267,Positive
295,2021-10-09,CCV,"üì¢ $CCV - Thrasio deal is on hold as top executives exit  Thrasio has put a SPAC deal on hold as it resolves issues with its financial audits, people familiar with the matter told CNBC.   https://t.co/N7SkqDMEQF",0.3818,Neutral
296,2021-10-09,RBAC,üì¢ $RBAC confirms merger discussions with SeatGeek   https://t.co/Q4P3yZG0JL,0.0,Neutral
297,2021-10-15,FREE,Need to get more eyeballs on $FREE / $FREEW. Volume has dropped to nothing. I still contend that it's one of the few super viable businesses that have DeSpac'd,0.8422,Positive
298,2021-10-15,FREEW,Need to get more eyeballs on $FREE / $FREEW. Volume has dropped to nothing. I still contend that it's one of the few super viable businesses that have DeSpac'd,0.8422,Positive
299,2021-10-17,NFLX,Long $NFLX and technically ready to break higher. ü§®  https://t.co/XsYtftOxYP,0.3612,Neutral
300,2021-10-16,CROX,"$CROX charms, cute !  https://t.co/m7R7Gp1YBG",0.7345,Positive
301,2021-10-16,CROX,"You already know Im long $CROX, but now I can pick some cool swag charms to.put in the holes in the shoes here at the Saturfay street fair #WestPalmBeach  https://t.co/nH6XHOMNsH",0.8674,Positive
302,2021-10-16,UAL,"#RevengeTravel ? I hadnt heard the term either but, the last flight I took on $UAL was sold out last week. #Airlines #Cruiselines #stock #stonks (No position for me)  $AAL $UAL $LUV $SAVE $RCL $CCL   https://t.co/BBM9u1ughY",0.7506,Positive
303,2021-10-16,AAL,"#RevengeTravel ? I hadnt heard the term either but, the last flight I took on $UAL was sold out last week. #Airlines #Cruiselines #stock #stonks (No position for me)  $AAL $UAL $LUV $SAVE $RCL $CCL   https://t.co/BBM9u1ughY",0.7506,Positive
304,2021-10-16,UAL,"#RevengeTravel ? I hadnt heard the term either but, the last flight I took on $UAL was sold out last week. #Airlines #Cruiselines #stock #stonks (No position for me)  $AAL $UAL $LUV $SAVE $RCL $CCL   https://t.co/BBM9u1ughY",0.7506,Positive
305,2021-10-16,LUV,"#RevengeTravel ? I hadnt heard the term either but, the last flight I took on $UAL was sold out last week. #Airlines #Cruiselines #stock #stonks (No position for me)  $AAL $UAL $LUV $SAVE $RCL $CCL   https://t.co/BBM9u1ughY",0.7506,Positive
306,2021-10-16,SAVE,"#RevengeTravel ? I hadnt heard the term either but, the last flight I took on $UAL was sold out last week. #Airlines #Cruiselines #stock #stonks (No position for me)  $AAL $UAL $LUV $SAVE $RCL $CCL   https://t.co/BBM9u1ughY",0.7506,Positive
307,2021-10-16,RCL,"#RevengeTravel ? I hadnt heard the term either but, the last flight I took on $UAL was sold out last week. #Airlines #Cruiselines #stock #stonks (No position for me)  $AAL $UAL $LUV $SAVE $RCL $CCL   https://t.co/BBM9u1ughY",0.7506,Positive
308,2021-10-16,CCL,"#RevengeTravel ? I hadnt heard the term either but, the last flight I took on $UAL was sold out last week. #Airlines #Cruiselines #stock #stonks (No position for me)  $AAL $UAL $LUV $SAVE $RCL $CCL   https://t.co/BBM9u1ughY",0.7506,Positive
309,2021-10-16,UPST,$UPST  https://t.co/c675YB2G7v,0.0,Neutral
310,2021-10-16,UPST,@MarketRebels $UPST #simple,0.0,Neutral
311,2021-10-16,TSLA,üß≤$900süß≤ $TSLA,0.0,Neutral
312,2021-10-15,UPST,"$UPST sold some more $1700 to $5100 took about three (3) days, only 1 contract in this acct is all it took.  https://t.co/Vblb9JkRCV",0.0,Neutral
313,2021-10-15,M,"$M Macy's breaking out, and yes, we got it earlier over @MalibuPrivate  https://t.co/lYuMAXql2u",0.4019,Neutral
314,2021-10-15,UPST,$UPST üß≤$400s üß≤,0.0,Neutral
315,2021-10-15,ODFL,$ODFL #TrainTheEyeüëÅÔ∏è  https://t.co/Pmy27RVcPW,0.0,Neutral
316,2021-10-15,BBIG,$BBIG  Public Float 90.45 M Shares Sold Short 22.82 M Percent of Float  25.23%,0.296,Neutral
317,2021-10-15,ASAN,@saxena_puru See $ASAN ceo bought $50m worth last week,0.2263,Neutral
318,2021-10-15,BILL,Hey $BILL are you attempting to breakout of chart hell?  https://t.co/4247geB3I0,-0.6808,Negative
319,2021-10-15,UPST,$UPST Oct15th $380Cs talk about a #superlotto almost 6500 of em alreadyüëÄüëÄ,0.0,Neutral
320,2021-10-14,PINS,Lots O' peeps bowling into next weeks  $PINS $55Csüé≥üé≥üé≥  https://t.co/WT58NcungB,0.0,Neutral
321,2021-10-14,UPST,"When $13K becomes $28K in just two (2 days) in $UPST, gonna #TootieRollUp a portion, and place more in $ASAN üåäüåäüåä‚§µÔ∏è  https://t.co/1g2FewK48s",0.0,Neutral
322,2021-10-14,ASAN,"When $13K becomes $28K in just two (2 days) in $UPST, gonna #TootieRollUp a portion, and place more in $ASAN üåäüåäüåä‚§µÔ∏è  https://t.co/1g2FewK48s",0.0,Neutral
323,2021-10-14,INTU,Ready for tax season? (I'm not) lol.... It's closer than you think ! Why not get some of that tax money back? $INTU #TrainTheEyeüëÅÔ∏è  https://t.co/rH8NxP0nGj,0.2071,Neutral
324,2021-10-14,ASAN,$ASAN ceo BOUGHT $50M of stock recently.  https://t.co/ArOSi2RxWt Just sayin' üòâ,0.0,Neutral
325,2021-10-14,LOKB,$LOKB recent IPO #SPAC @sandiegosam BIG insider buy  https://t.co/sKAdarwc3h,0.0,Neutral
326,2021-10-14,CLOV,"$CLOV #MonkeyBusiness Willing to risk a dime to make a quarter, 50c or $1?  #superlotto expire tomorrow  https://t.co/aRHIXx0bxf",-0.2732,Neutral
327,2021-10-14,MDB,$MDB #Patience It's coming  https://t.co/JxudrO1IOJ,0.0,Neutral
328,2021-10-14,UPST,$UPST a #Maliboom favorite since $130s and IRA placement ...new ATHs  https://t.co/HJu4ZZdZXN,0.4588,Neutral
329,2021-10-14,TSLA,#MonkeyBusiness in $TSLA  Oct15th  $820Cs expire tomorrowüêµüêµüêµ,0.0,Neutral
330,2021-10-14,ZS,$ZS $8.35 to $19.10 SOLD...sorry it took three (3) whole days üòâ  https://t.co/fAWJfeGVlU,0.0,Neutral
331,2021-10-14,ASAN,"$ASAN #TrainTheEye üëÅÔ∏è you know whats coming, dont ya?  https://t.co/LYd4PtfzIz",0.0,Neutral
332,2021-10-14,ASAN,"Good mornimg  senor $ASAN. Did you know, the CEO, was buy buying stock as recently as last week?  They only do that for one reason; they think the stock is cheap. #Bullish #TheFourHorsemen   https://t.co/1gIMx7EOpn",0.4404,Neutral
333,2021-10-14,FUBO,@Trendspider_J $FUBO nick is #Football  https://t.co/UTZ6TrvCsD,0.0,Neutral
334,2021-10-14,SNOW,**long $SNOW NEXT weeks $340Cs at $3.80 stops at $2**,-0.1531,Neutral
335,2021-10-14,SNOW,"$SNOW forecast to get blizzard like above $328.16, cam use #superlotto $330C or next week $335  $340  https://t.co/2lswAzDEB0",0.3612,Neutral
336,2021-10-14,AOL,@sandiegosam Long $AOL,0.0,Neutral
337,2021-10-14,NFLX,Long $NFLX,0.0,Neutral
338,2021-10-13,UPST,$UPST There. He. Goes.  https://t.co/soDTdNx5AN,0.0,Neutral
339,2021-10-13,UPST,$UPST above $340 goes zoom zoom  https://t.co/jifVCIrQ3h,0.0,Neutral
340,2021-10-13,UBER,$UBER Oct15th $47Cs üëÄüëÄ,0.0,Neutral
341,2021-10-13,ABNB,$ABNB needs $176  https://t.co/1HmADcxa1n,0.0,Neutral
342,2021-10-13,AFRM,$AFRM +$20 higher now,0.0,Neutral
343,2021-10-13,DOCN,"@saxena_puru What, no $DOCN ? üòá",0.2023,Neutral
344,2021-10-13,ALGN,@optionsmafia1 Sounds like the spreads need $ALGN ers üòã,0.3612,Neutral
345,2021-10-13,ZS,$ZS and $300s be like  https://t.co/oopQRvAZ4M,0.3612,Neutral
346,2021-10-13,AFRM,I can $AFRM $147 is key,0.0,Neutral
347,2021-10-13,DOCN,$DOCN $100süß≤üß≤,0.0,Neutral
348,2021-10-13,WMT,$WMT $FDX  https://t.co/9KJlfgT420,0.0,Neutral
349,2021-10-13,FDX,$WMT $FDX  https://t.co/9KJlfgT420,0.0,Neutral
350,2021-10-13,UPST,"$UPST at $346,64 goes....  https://t.co/biUBS9oEEM",0.0,Neutral
351,2021-10-13,LVMH,"@4VictoriaBC1 @BrianFeroldi Bars have nothing to do with this, totals cant compare to $LVMH shoes or bags. ü§®",0.0,Neutral
352,2021-10-13,ASAN,$ASAN  about to Busta' move  https://t.co/CSDZpDZLQQ,0.0,Neutral
353,2021-10-13,DOCN,$DOCN ü§® #TrainTheEye üëÅÔ∏è  https://t.co/XVTFrOEz9f,0.0,Neutral
354,2021-10-13,AFRM,$AFRM that sure looks like a high tight flag (my ex has a high tight.......üòá) next #Malibooom coming at $147  https://t.co/LauYemze2r,0.7783,Positive
355,2021-10-13,CCJ,#Maliboooom  on $CCJ !,0.0,Neutral
356,2021-10-12,ASAN,$ASAN Did YOU get tbe memo over @MalibuPrivate lil while ago? ‚§µÔ∏èüåäüåä  https://t.co/kQTP2V29tv,0.0,Neutral
357,2021-10-12,ABNB,"from Monday's close at  $166.67 . The bottom line: Kopelman thinks the Street consensus is far too conservative about the company's outlook.  $ABNB was up 4.7%, at  $174.44 , in recent trading.",0.0,Neutral
358,2021-10-12,ABNB,"$ABNB news; Airbnb  shares are gaining ground Tuesday after Cowen analyst  Kevin Kopelman  upped his rating on the short-term real estate rental service to Outperform from Market Perform. He increased his price target to  $220  from  $160 , implying more than 30% potential upside",0.7269,Positive
359,2021-10-12,ABNB,$ABNB $176 is your next long trigger,0.0,Neutral
360,2021-10-12,ABNB,"$ABNB soon grasshopper, soon #patiencepays  https://t.co/zS5OAzj200",0.0,Neutral
361,2021-10-12,UPST,"$UPST @MalibuInvest discussed it, at length at @FinTwitConf +$13 now",0.0,Neutral
362,2021-10-12,SURF,"@kkernttb Good eye, Keith $SURF guy üåäüåä",0.4404,Neutral
363,2021-10-12,TJX,"Who's doing all the shopping at TJMaxx? Is it you @commandenteSD ? @Trendspider_J ? @sandiegosam ? $TJX  Oct15 $64Cs  over 12,000 already gone thru",0.0,Neutral
364,2021-10-12,AMD,"Notice how mr $AMD stopped right at $106? Thru that, and he runs (like me sometimes, to the restroom)ü§™",0.1531,Neutral
365,2021-10-12,TSLA,$TSLA $820s coming soon to a theatre near you?üëÄ,0.0,Neutral
366,2021-10-12,NVDA,"**long $NVDA Oct22 $220C at $1.30, stops at 80c**",-0.1531,Neutral
367,2021-10-12,DKNG,DonkeyKong $DKNG above $50 can zoom,0.0,Neutral
368,2021-10-12,TSLA,"Today ""could be"" $TSLA day to run $15, $20, or more",0.0,Neutral
369,2021-10-12,TSLA,"$TSLA NEWS Tesla  sold a record number of vehicles in  China  last month even as the country's broader auto market declined, according to reports citing industry data. Selling 56,006 Chinese-made vehicles in September, the most since it began production at its  Shanghai  factory",0.0772,Neutral
370,2021-10-12,SQQQ,"Got #hedge ?  We do, over @MalibuPrivate $SQQQ $SPXU.   Ill sleep better at night. üõåüí§  https://t.co/MsPon0B12x",-0.2732,Neutral
371,2021-10-12,SPXU,"Got #hedge ?  We do, over @MalibuPrivate $SQQQ $SPXU.   Ill sleep better at night. üõåüí§  https://t.co/MsPon0B12x",-0.2732,Neutral
372,2021-10-12,ANY,"@commandenteSD @iluvstocks1 @AmandaCStocks yeah, but does $ANY one care? lol",0.8625,Positive
373,2021-10-11,DKNG,We call him #DonkeyKong $DKNG Oct15 $49C &amp; $50Cs heating up  https://t.co/lra7sEXf7o,0.0,Neutral
374,2021-10-11,SEDG,Energy crisis?  Gas shortages? Potenial increased search for alternative energy $SEDG +$23 today,-0.1926,Neutral
375,2021-10-11,LUV,"No love for $LUV stock today  (and if Im not mistaken, this picture is from Burnank airport #BUR )    https://t.co/YzNOLWW24O",-0.3089,Neutral
376,2021-10-11,ZS,$ZS a look in  https://t.co/N8gWHffTFA,0.0,Neutral
377,2021-10-11,NFLX,$NFLX about to have a mid day viewing of #SquidGames  https://t.co/0QdTirEoJ3,0.0,Neutral
378,2021-10-11,AMD,$AMD finally getting into gear after 10 weeks of #patience  https://t.co/Xhs13j8XiF,0.0,Neutral
379,2021-10-11,TSLA,at $800 $TSLA triggered long for the 2nd time in as many weeks :-),0.3182,Neutral
380,2021-10-11,TSLA,$TSLA #TrainTheEye üëÅÔ∏è  https://t.co/tK8aeiV9Fd,0.0,Neutral
381,2021-10-11,OIH,#OIL $OIH reversal?,0.0,Neutral
382,2021-10-11,AFRM,"Again I can affirm, that $AFRM could be magical above $147  https://t.co/2Rx65ScdrS",0.0,Neutral
383,2021-10-11,OIH,$OIH up again this morning  https://t.co/rJwNFGYU0X Components?   $SLB $HAL  $BKR  $RIG  $HP  $NOV  $WHD  $TS.MI,-0.3034,Neutral
384,2021-10-11,SLB,$OIH up again this morning  https://t.co/rJwNFGYU0X Components?   $SLB $HAL  $BKR  $RIG  $HP  $NOV  $WHD  $TS.MI,-0.3034,Neutral
385,2021-10-11,HAL,$OIH up again this morning  https://t.co/rJwNFGYU0X Components?   $SLB $HAL  $BKR  $RIG  $HP  $NOV  $WHD  $TS.MI,-0.3034,Neutral
386,2021-10-11,BKR,$OIH up again this morning  https://t.co/rJwNFGYU0X Components?   $SLB $HAL  $BKR  $RIG  $HP  $NOV  $WHD  $TS.MI,-0.3034,Neutral
387,2021-10-11,RIG,$OIH up again this morning  https://t.co/rJwNFGYU0X Components?   $SLB $HAL  $BKR  $RIG  $HP  $NOV  $WHD  $TS.MI,-0.3034,Neutral
388,2021-10-11,HP,$OIH up again this morning  https://t.co/rJwNFGYU0X Components?   $SLB $HAL  $BKR  $RIG  $HP  $NOV  $WHD  $TS.MI,-0.3034,Neutral
389,2021-10-11,NOV,$OIH up again this morning  https://t.co/rJwNFGYU0X Components?   $SLB $HAL  $BKR  $RIG  $HP  $NOV  $WHD  $TS.MI,-0.3034,Neutral
390,2021-10-11,WHD,$OIH up again this morning  https://t.co/rJwNFGYU0X Components?   $SLB $HAL  $BKR  $RIG  $HP  $NOV  $WHD  $TS.MI,-0.3034,Neutral
391,2021-10-11,TS.MI,$OIH up again this morning  https://t.co/rJwNFGYU0X Components?   $SLB $HAL  $BKR  $RIG  $HP  $NOV  $WHD  $TS.MI,-0.3034,Neutral
392,2021-10-11,NET,"A few notable upgrades this morning; not now you say? Yes,  $NET $NFLX $NOW üòâ",0.4019,Neutral
393,2021-10-11,NFLX,"A few notable upgrades this morning; not now you say? Yes,  $NET $NFLX $NOW üòâ",0.4019,Neutral
394,2021-10-11,NOW,"A few notable upgrades this morning; not now you say? Yes,  $NET $NFLX $NOW üòâ",0.4019,Neutral
395,2021-10-10,SNAP,"Curious about my write-ups over @MalibuPrivate ? here's one I just put out earlier; Crappy $SNAP-py still needs $77.50, then $80 to really get his mojo back. It could be a really big deal, market willing  https://t.co/PkOX2mDwZ7",-0.3182,Neutral
396,2021-10-10,TACO,"$TACO (DelTaco) is to report earnings on Thursday Oct 14th. However, shouldnt it be required to report on #TacoTuesday October 12th instead? Just sayin'ü§£",0.4939,Neutral
397,2021-10-10,GS,"Banks ( $GS, $JPM and $MS) will be some of the earnings calls I will be watching/possibly trading this coming week;  $JPM $TSM $BAC $BLK $WFC $FAST $WBA $C $DPZ $UNH $MS $CMC $USB $GS $INFY $SCHW $WIT $PNC $JBHT $SXT $GMBL $BMI $PGR",0.0,Neutral
398,2021-10-10,JPM,"Banks ( $GS, $JPM and $MS) will be some of the earnings calls I will be watching/possibly trading this coming week;  $JPM $TSM $BAC $BLK $WFC $FAST $WBA $C $DPZ $UNH $MS $CMC $USB $GS $INFY $SCHW $WIT $PNC $JBHT $SXT $GMBL $BMI $PGR",0.0,Neutral
399,2021-10-10,MS,"Banks ( $GS, $JPM and $MS) will be some of the earnings calls I will be watching/possibly trading this coming week;  $JPM $TSM $BAC $BLK $WFC $FAST $WBA $C $DPZ $UNH $MS $CMC $USB $GS $INFY $SCHW $WIT $PNC $JBHT $SXT $GMBL $BMI $PGR",0.0,Neutral
400,2021-10-10,JPM,"Banks ( $GS, $JPM and $MS) will be some of the earnings calls I will be watching/possibly trading this coming week;  $JPM $TSM $BAC $BLK $WFC $FAST $WBA $C $DPZ $UNH $MS $CMC $USB $GS $INFY $SCHW $WIT $PNC $JBHT $SXT $GMBL $BMI $PGR",0.0,Neutral
401,2021-10-10,TSM,"Banks ( $GS, $JPM and $MS) will be some of the earnings calls I will be watching/possibly trading this coming week;  $JPM $TSM $BAC $BLK $WFC $FAST $WBA $C $DPZ $UNH $MS $CMC $USB $GS $INFY $SCHW $WIT $PNC $JBHT $SXT $GMBL $BMI $PGR",0.0,Neutral
402,2021-10-10,BAC,"Banks ( $GS, $JPM and $MS) will be some of the earnings calls I will be watching/possibly trading this coming week;  $JPM $TSM $BAC $BLK $WFC $FAST $WBA $C $DPZ $UNH $MS $CMC $USB $GS $INFY $SCHW $WIT $PNC $JBHT $SXT $GMBL $BMI $PGR",0.0,Neutral
403,2021-10-10,BLK,"Banks ( $GS, $JPM and $MS) will be some of the earnings calls I will be watching/possibly trading this coming week;  $JPM $TSM $BAC $BLK $WFC $FAST $WBA $C $DPZ $UNH $MS $CMC $USB $GS $INFY $SCHW $WIT $PNC $JBHT $SXT $GMBL $BMI $PGR",0.0,Neutral
404,2021-10-10,WFC,"Banks ( $GS, $JPM and $MS) will be some of the earnings calls I will be watching/possibly trading this coming week;  $JPM $TSM $BAC $BLK $WFC $FAST $WBA $C $DPZ $UNH $MS $CMC $USB $GS $INFY $SCHW $WIT $PNC $JBHT $SXT $GMBL $BMI $PGR",0.0,Neutral
405,2021-10-10,FAST,"Banks ( $GS, $JPM and $MS) will be some of the earnings calls I will be watching/possibly trading this coming week;  $JPM $TSM $BAC $BLK $WFC $FAST $WBA $C $DPZ $UNH $MS $CMC $USB $GS $INFY $SCHW $WIT $PNC $JBHT $SXT $GMBL $BMI $PGR",0.0,Neutral
406,2021-10-10,WBA,"Banks ( $GS, $JPM and $MS) will be some of the earnings calls I will be watching/possibly trading this coming week;  $JPM $TSM $BAC $BLK $WFC $FAST $WBA $C $DPZ $UNH $MS $CMC $USB $GS $INFY $SCHW $WIT $PNC $JBHT $SXT $GMBL $BMI $PGR",0.0,Neutral
407,2021-10-10,C,"Banks ( $GS, $JPM and $MS) will be some of the earnings calls I will be watching/possibly trading this coming week;  $JPM $TSM $BAC $BLK $WFC $FAST $WBA $C $DPZ $UNH $MS $CMC $USB $GS $INFY $SCHW $WIT $PNC $JBHT $SXT $GMBL $BMI $PGR",0.0,Neutral
408,2021-10-10,DPZ,"Banks ( $GS, $JPM and $MS) will be some of the earnings calls I will be watching/possibly trading this coming week;  $JPM $TSM $BAC $BLK $WFC $FAST $WBA $C $DPZ $UNH $MS $CMC $USB $GS $INFY $SCHW $WIT $PNC $JBHT $SXT $GMBL $BMI $PGR",0.0,Neutral
409,2021-10-10,UNH,"Banks ( $GS, $JPM and $MS) will be some of the earnings calls I will be watching/possibly trading this coming week;  $JPM $TSM $BAC $BLK $WFC $FAST $WBA $C $DPZ $UNH $MS $CMC $USB $GS $INFY $SCHW $WIT $PNC $JBHT $SXT $GMBL $BMI $PGR",0.0,Neutral
410,2021-10-10,MS,"Banks ( $GS, $JPM and $MS) will be some of the earnings calls I will be watching/possibly trading this coming week;  $JPM $TSM $BAC $BLK $WFC $FAST $WBA $C $DPZ $UNH $MS $CMC $USB $GS $INFY $SCHW $WIT $PNC $JBHT $SXT $GMBL $BMI $PGR",0.0,Neutral
411,2021-10-10,CMC,"Banks ( $GS, $JPM and $MS) will be some of the earnings calls I will be watching/possibly trading this coming week;  $JPM $TSM $BAC $BLK $WFC $FAST $WBA $C $DPZ $UNH $MS $CMC $USB $GS $INFY $SCHW $WIT $PNC $JBHT $SXT $GMBL $BMI $PGR",0.0,Neutral
412,2021-10-10,USB,"Banks ( $GS, $JPM and $MS) will be some of the earnings calls I will be watching/possibly trading this coming week;  $JPM $TSM $BAC $BLK $WFC $FAST $WBA $C $DPZ $UNH $MS $CMC $USB $GS $INFY $SCHW $WIT $PNC $JBHT $SXT $GMBL $BMI $PGR",0.0,Neutral
413,2021-10-10,GS,"Banks ( $GS, $JPM and $MS) will be some of the earnings calls I will be watching/possibly trading this coming week;  $JPM $TSM $BAC $BLK $WFC $FAST $WBA $C $DPZ $UNH $MS $CMC $USB $GS $INFY $SCHW $WIT $PNC $JBHT $SXT $GMBL $BMI $PGR",0.0,Neutral
414,2021-10-10,INFY,"Banks ( $GS, $JPM and $MS) will be some of the earnings calls I will be watching/possibly trading this coming week;  $JPM $TSM $BAC $BLK $WFC $FAST $WBA $C $DPZ $UNH $MS $CMC $USB $GS $INFY $SCHW $WIT $PNC $JBHT $SXT $GMBL $BMI $PGR",0.0,Neutral
415,2021-10-10,SCHW,"Banks ( $GS, $JPM and $MS) will be some of the earnings calls I will be watching/possibly trading this coming week;  $JPM $TSM $BAC $BLK $WFC $FAST $WBA $C $DPZ $UNH $MS $CMC $USB $GS $INFY $SCHW $WIT $PNC $JBHT $SXT $GMBL $BMI $PGR",0.0,Neutral
416,2021-10-10,WIT,"Banks ( $GS, $JPM and $MS) will be some of the earnings calls I will be watching/possibly trading this coming week;  $JPM $TSM $BAC $BLK $WFC $FAST $WBA $C $DPZ $UNH $MS $CMC $USB $GS $INFY $SCHW $WIT $PNC $JBHT $SXT $GMBL $BMI $PGR",0.0,Neutral
417,2021-10-10,PNC,"Banks ( $GS, $JPM and $MS) will be some of the earnings calls I will be watching/possibly trading this coming week;  $JPM $TSM $BAC $BLK $WFC $FAST $WBA $C $DPZ $UNH $MS $CMC $USB $GS $INFY $SCHW $WIT $PNC $JBHT $SXT $GMBL $BMI $PGR",0.0,Neutral
418,2021-10-10,JBHT,"Banks ( $GS, $JPM and $MS) will be some of the earnings calls I will be watching/possibly trading this coming week;  $JPM $TSM $BAC $BLK $WFC $FAST $WBA $C $DPZ $UNH $MS $CMC $USB $GS $INFY $SCHW $WIT $PNC $JBHT $SXT $GMBL $BMI $PGR",0.0,Neutral
419,2021-10-10,SXT,"Banks ( $GS, $JPM and $MS) will be some of the earnings calls I will be watching/possibly trading this coming week;  $JPM $TSM $BAC $BLK $WFC $FAST $WBA $C $DPZ $UNH $MS $CMC $USB $GS $INFY $SCHW $WIT $PNC $JBHT $SXT $GMBL $BMI $PGR",0.0,Neutral
420,2021-10-10,GMBL,"Banks ( $GS, $JPM and $MS) will be some of the earnings calls I will be watching/possibly trading this coming week;  $JPM $TSM $BAC $BLK $WFC $FAST $WBA $C $DPZ $UNH $MS $CMC $USB $GS $INFY $SCHW $WIT $PNC $JBHT $SXT $GMBL $BMI $PGR",0.0,Neutral
421,2021-10-10,BMI,"Banks ( $GS, $JPM and $MS) will be some of the earnings calls I will be watching/possibly trading this coming week;  $JPM $TSM $BAC $BLK $WFC $FAST $WBA $C $DPZ $UNH $MS $CMC $USB $GS $INFY $SCHW $WIT $PNC $JBHT $SXT $GMBL $BMI $PGR",0.0,Neutral
422,2021-10-10,PGR,"Banks ( $GS, $JPM and $MS) will be some of the earnings calls I will be watching/possibly trading this coming week;  $JPM $TSM $BAC $BLK $WFC $FAST $WBA $C $DPZ $UNH $MS $CMC $USB $GS $INFY $SCHW $WIT $PNC $JBHT $SXT $GMBL $BMI $PGR",0.0,Neutral
423,2021-10-10,AFRM,"Long read, BUT deep critical thinking on $AFRM, all I already knew and MORE. #Bullish on $AFRM",-0.4497,Neutral
424,2021-10-10,AFRM,"Long read, BUT deep critical thinking on $AFRM, all I already knew and MORE. #Bullish on $AFRM",-0.4497,Neutral
425,2021-10-09,UPST,$UPST  ER coming as well in about a month or so.  https://t.co/pJgrz4x53J,0.2732,Neutral
426,2021-10-09,NFLX,"long $NFLX ....ps...they are already talking #SquidGames 2nd season, behind the scenes. üòâ",0.0,Neutral
427,2021-10-16,DATS,$DATS Let‚Äôs get back over $12 next week. It‚Äôs FRIDAY,0.0,Neutral
428,2021-10-15,DATS,$DATS We‚Äôre not going to let the shorts escape,0.1779,Neutral
429,2021-10-15,DATS,$DATS Holding into next week of course. Maybe they‚Äôll give us news,0.0,Neutral
430,2021-10-15,DATS,@Simp0714 $DATS,0.0,Neutral
431,2021-10-15,DATS,$DATS I‚Äôll be posting day trades in here aFTER the update   https://t.co/cMuRmarBQP,0.0,Neutral
432,2021-10-15,SNAP,$SNAP used to me $6 with a monster float $DATS only 10 mill float and the app is only going to get better plus DESKTOP VERSION COMING.,0.4404,Neutral
433,2021-10-15,DATS,$SNAP used to me $6 with a monster float $DATS only 10 mill float and the app is only going to get better plus DESKTOP VERSION COMING.,0.4404,Neutral
434,2021-10-15,DATS,$DATS We‚Äôre going to start melting up,0.0,Neutral
435,2021-10-15,DATS,$DATS  https://t.co/1wH2U6THDm,0.0,Neutral
436,2021-10-15,DATS,$DATS A spicy dip it will bought up,0.0,Neutral
437,2021-10-14,DATS,$DATS  https://t.co/HCDV4zQAge,0.0,Neutral
438,2021-10-14,DATS,$DATS GOING TO BE FUN TO SEE ALL THE SHORTS HOLDING OVER NIGHT  https://t.co/TOyMcLPA0V,0.6166,Positive
439,2021-10-14,DATS,@rjgardner1207 @RipdipSal On $DATS only lol,0.4215,Neutral
440,2021-10-14,DATS,$DATS This monster squeeze coming will go down in history. We‚Äôre going to buttF all these short reporters.,0.0,Neutral
441,2021-10-14,DATS,$DATS Now we watch shorts fuck themselves while they cover on each other. Don‚Äôt fuck with ZACK MORRIS,-0.7906,Negative
442,2021-10-14,DATS,$DATS Let‚Äôs do a short report at the bottom. Lol idiots squeeze these hoes. $DATS $30++,0.4215,Neutral
443,2021-10-14,DATS,$DATS Let‚Äôs do a short report at the bottom. Lol idiots squeeze these hoes. $DATS $30++,0.4215,Neutral
444,2021-10-14,DATS,@GeorgeASharp @Party_Picado You bring zero value. All you do is come hate after the run already happen and $DATS a fact,-0.3182,Neutral
445,2021-10-14,DATS,$DATS I‚Äôm holding shares LT. I could careless of a short report comes out. I‚Äôll gobble up the dip and f them,-0.0772,Neutral
446,2021-10-13,DATS,$DATS We‚Äôre up 100% in 2 weeks pullback is expected,0.0,Neutral
447,2021-10-13,DATS,$DATS See you on Mars  https://t.co/LKGg3Oe6Ln,0.0,Neutral
448,2021-10-13,DATS,$DATS Will not end well for shorts. True story,0.2467,Neutral
449,2021-10-12,DATS,$DATS Let‚Äôs trap more shorts today,-0.3182,Neutral
450,2021-10-11,DATS,$DATS The usual dip before the next leg,0.0,Neutral
451,2021-10-08,DATS,$DATS Float might be even smaller  https://t.co/brEDXi6ytb,0.0,Neutral
452,2021-10-08,DATS,$DATS has nothing to do with CEI. The scam paid room was grouping them together. We‚Äôre going $10 $20 $30 maybe $50. Sick app and only 12 million float with lots of catalysts on the way.   https://t.co/cMuRmarBQP,-0.7906,Negative
453,2021-10-15,HUMA,"@ZinvestZ @spacanpanman Thanks for looking. So a potential selling event nothing related to company, which might not come at all, &amp; where shorts will cover while it seems many people are bullish $HUMA &amp; are waiting for this event to buy large. Hedgies have had weeks to box above 10 already if wanted to.",0.4404,Neutral
454,2021-10-15,HUMA,"@chrisokaly Partners &amp; lots of medical funds are going to bail/box? ‚ÄúParticipating PIPE investors included Fresenius Medical Care, OrbiMed, Monashee Investment Management, Alexandria Venture Investments, UBS O‚ÄôConnor, Morgan Creek Capital, &amp; a number of other health care focused funds‚Äù $HUMA",0.8519,Positive
455,2021-10-15,HUMA,$HUMA was funded by the DOD Department of Defense for trauma tissue. Huma developed the tissue which is shelf stable up to a year. That is 600M a year recurring from DOD &amp; level 1 trauma centers. Highly likely approval with FDA fast track + DOD. And so much more to follow.  https://t.co/8gZxB9BW4U,0.1226,Neutral
456,2021-10-15,DNA,"$DNA GinkoBio is at ~20B MC for a projected 341M rev in 2023, &amp; 1.1B in 2025, yet $HUMA is just as revolutionary (more?) &amp; trades at just 1B MC for projected 600M rev in 2023, 3.8B in 2025, &amp; 12.1B in 2027. HUMA 20x cheaper? If both 20B mc &amp; had to choose 1, would still own HUMA.  https://t.co/49aRp9mkiP",0.0,Neutral
457,2021-10-15,HUMA,"$DNA GinkoBio is at ~20B MC for a projected 341M rev in 2023, &amp; 1.1B in 2025, yet $HUMA is just as revolutionary (more?) &amp; trades at just 1B MC for projected 600M rev in 2023, 3.8B in 2025, &amp; 12.1B in 2027. HUMA 20x cheaper? If both 20B mc &amp; had to choose 1, would still own HUMA.  https://t.co/49aRp9mkiP",0.0,Neutral
458,2021-10-13,ASTS,"@RobEducated @spacanpanman @spac_insider Good story and good valuation for me are $ASTS and $HUMA. Both can change the world. Ultimately trillion $ TAMS that can trade 1000+ a share, 10 down 1000 up. Both could easily be justified to be trading at 30+ right now, and indeed in asts case has multiple low range pt‚Äôs there",0.875,Positive
459,2021-10-13,HUMA,"@RobEducated @spacanpanman @spac_insider Good story and good valuation for me are $ASTS and $HUMA. Both can change the world. Ultimately trillion $ TAMS that can trade 1000+ a share, 10 down 1000 up. Both could easily be justified to be trading at 30+ right now, and indeed in asts case has multiple low range pt‚Äôs there",0.875,Positive
460,2021-10-13,HUMA,"Lots of $HUMA Humacyte medical conferences coming up and going on through the end of the month. Presenting on human acellular vessel (HAV), whole lung regeneration, and demonstrating the potential to engineer a biovascular pancreas. World changing stuff.  https://t.co/70zonAGUse",0.0,Neutral
461,2021-10-09,HUMA,"@SPACWillie @McGruber8 @AST_SpaceMobile @humacyte For $HUMA start with this thread to get you started to. Huma is growing human tissue, everything from blood vessels, to trachea, coronary arteries to lungs to pancreas. And shelf stable trauma tissue (for DOD) Already multiple in phases including phase 3.  https://t.co/q7Lw4qvnUZ",0.0258,Neutral
462,2021-10-09,ASTS,@rickduijkers @spacanpanman NASA contracts are a dime a dozen for space companies. If your investment thesis in any company is based of sporadic NASA contracts then you are in trouble &amp; that is a poor business. $ASTS through 51% ownership of NanoAvionics has paying NASA contracts also‚Ä¶,-0.7003,Negative
463,2021-10-09,ASTS,"If only had $2100 &amp; want to place a bet (invest) &amp; forget about it for the largest, clear, asymmetrical risk reward upside potential in the next 5-10yrs if they succeed in their plans, IMO 50% for 100 shares of $ASTS @AST_SpaceMobile &amp; 50% for 100 shares of $HUMA @humacyte.",0.8807,Positive
464,2021-10-09,HUMA,"If only had $2100 &amp; want to place a bet (invest) &amp; forget about it for the largest, clear, asymmetrical risk reward upside potential in the next 5-10yrs if they succeed in their plans, IMO 50% for 100 shares of $ASTS @AST_SpaceMobile &amp; 50% for 100 shares of $HUMA @humacyte.",0.8807,Positive
465,2021-10-09,ASTS,"@BellikOzan @ingoldsby @thesheetztweetz @NanoAvionics How many satellite employees do you need? Also ASTS is more software based. Yes big satellites but ceo said they are linked nanosats. Apple make the hardware, SpaceX launches $ASTS. Att, American Tower, Raketun, Vodaphone provide infrastructure, spectrum, customers. Employees?",0.3274,Neutral
466,2021-10-09,ASTS,"@BellikOzan @ingoldsby @thesheetztweetz I guess you really have no clue about $ASTS because they own 51% of @NanoAvionics which is arguably the best nanosat maker on earth‚Ä¶ With many employees, contracts and satellites in orbit right now.",0.1832,Neutral
467,2021-10-08,ASTS,"@PatrickBaitman3 All that #SpaceX hardware + ground infrastructure + spectrum + customer acquisition/retention/service costs add up. $ASTS already has huge % of globe customers signed up for no cost, zero spectrum cost, zero ground costs, no hardware costs, no need for customer service. Margins+",-0.5106,Negative
468,2021-10-08,ASTS,@BLSmith2112 @thesheetztweetz $ASTS and $RKLB ‚Ä¶,0.0,Neutral
469,2021-10-08,RKLB,@BLSmith2112 @thesheetztweetz $ASTS and $RKLB ‚Ä¶,0.0,Neutral
470,2021-10-08,ASTS,"@ingoldsby @thesheetztweetz 90% of the #SpaceX valuation is actually Starlink, not rockets. If want Starlink, $ASTS SpaceMobile is the Starlink of Mobile &amp; can be bought today 45x cheaper than SpaceX Starlink, but projects to be just as big/profitable &amp; not competitors. For Rockets can buy $RKLB Rocket Lab.",-0.0286,Neutral
471,2021-10-08,RKLB,"@ingoldsby @thesheetztweetz 90% of the #SpaceX valuation is actually Starlink, not rockets. If want Starlink, $ASTS SpaceMobile is the Starlink of Mobile &amp; can be bought today 45x cheaper than SpaceX Starlink, but projects to be just as big/profitable &amp; not competitors. For Rockets can buy $RKLB Rocket Lab.",-0.0286,Neutral
472,2021-10-08,ASTS,"~90B valuation of 100B #SpaceX Is #Starlink. $ASTS 2B. SpaceX launching AST constellation, not competitors. Compare AST to Starlink numbers, rev, profit, timeline, capex. If execute, AST is better for all categories yet can be bought today for 45x less the Starlink valuation.  https://t.co/2d8bgZp5Wi",0.7003,Positive
473,2021-10-08,ASTS,"@FirstSquawk And yet #SpaceX is 90% Starlink and the Starlink of mobile 5g $ASTS can still be bought for only 2B MC which is projected to have similar rev projections over next 10yrs, yet asts projected to be way more profitable yrs before and for a fraction of the capex",0.4927,Neutral
474,2021-10-02,ASTS,@TRF_Stories No Internet access for crypto transactions? $ASTS @AST_SpaceMobile coming soon if all goes well. Then the entire world will have affordable 5g mobile to their current smartphones as is. Global coverage,-0.0258,Neutral
475,2021-09-29,ASTS,@MrNYCitizen @Aur3ius @grandma_party Closest to $ASTS imo is $HUMA with projected 12B+ potential projected rev by 2027 &amp; can grow much more beyond with approval of numerous indications in the pipeline. Only 1.3B MC currently &amp; can be 500B MC within 15yrs if cards fall right. ASTS/HUMA my #1&amp;2 long term holds.  https://t.co/Sd6z0mwPum,0.5209,Positive
476,2021-09-29,HUMA,@MrNYCitizen @Aur3ius @grandma_party Closest to $ASTS imo is $HUMA with projected 12B+ potential projected rev by 2027 &amp; can grow much more beyond with approval of numerous indications in the pipeline. Only 1.3B MC currently &amp; can be 500B MC within 15yrs if cards fall right. ASTS/HUMA my #1&amp;2 long term holds.  https://t.co/Sd6z0mwPum,0.5209,Positive
477,2021-09-17,ASTS,@spacanpanman No screen on those dino‚Äôs to check twitter or watch vids either. $ASTS,-0.296,Neutral
478,2021-09-03,RNW,@Buy_N_Forget @sunil_chirania @Rocky_Road77 Compared to NEE and AZRE IMO $RNW should be 20-25 a share right now and the warrants 6-9,0.296,Neutral
479,2021-09-02,RNW,"@Michaelrose102 My 40-70 range was using/assuming just the $RNW 1.1B in 2025 ""committed"" (not bids) which would be ~7x 2021 NEE or ~55 RNW a share in 2025, add in the debt differential of 6B for same ebidta = another 13 a share for RNW. 13 + 55 = 68 a share ""high side"". Bid wins = see previous.",0.836,Positive
480,2021-09-02,RNW,"@Michaelrose102 Assuming $RNW hit 1.7B = ~4.5x of 2021 NEE =  36B MC / 437M shares = 82 a share on EBIDTA, or 8x NEE on Rev or 47 a share. But still NEE has currently 49B more debt too. RNW prob add 5-10B more debt, that is still is 40B less debt or potentially¬†90pps added on 82 for same ebidta.",-0.8121,Negative
481,2021-09-02,RNW,"@Michaelrose102 $RNW 2025 New bids¬†+ acquisitions¬†= ~1.7B projected ebidta from DA &amp; recently added a¬†359MWs¬†= ""50.7 ‚Äì 53.4 million of EBITDA¬† after deal close. Then they won 200 MWs in MSEDCL Solar Auction in July, &amp; August won the PPA. $NEE 2021 EBIDTA¬†7.59B with¬†164B MC &amp; 16.8B Rev &amp; 53B debt",0.7096,Positive
482,2021-09-02,NEE,"@Michaelrose102 $RNW 2025 New bids¬†+ acquisitions¬†= ~1.7B projected ebidta from DA &amp; recently added a¬†359MWs¬†= ""50.7 ‚Äì 53.4 million of EBITDA¬† after deal close. Then they won 200 MWs in MSEDCL Solar Auction in July, &amp; August won the PPA. $NEE 2021 EBIDTA¬†7.59B with¬†164B MC &amp; 16.8B Rev &amp; 53B debt",0.7096,Positive
483,2021-09-02,RNW,"@sunil_chirania @Rocky_Road77 Surprised $RNW warrants are not above 2. Get high growth, for a utility. That is as sleep well at night growth you can get backed by real long-lived CF assets. Already making a billion+ &amp; aggressive with acquisitions. $AZRE is solid, RMW better. RNW will be bought by various etfs",0.8979,Positive
484,2021-09-02,AZRE,"@sunil_chirania @Rocky_Road77 Surprised $RNW warrants are not above 2. Get high growth, for a utility. That is as sleep well at night growth you can get backed by real long-lived CF assets. Already making a billion+ &amp; aggressive with acquisitions. $AZRE is solid, RMW better. RNW will be bought by various etfs",0.8979,Positive
485,2021-09-02,RNW,"@Michaelrose102 Using 2025 projected numbers i get a potential high side pt of 70 for $RNW, low side 40. Good enough growth for me for a utility with real assets + might pay divy by then too. And they have been aggressive with acquisitions already potentially adding to these pts",0.4767,Neutral
